SUBJECT,"Exports in goods, s.a.","Exports in goods, s.a.","Exports in goods, s.a.","GDP Imports of goods and services; constant prices, s.a.","GDP Imports of goods and services; constant prices, s.a.",Overnight interbank rate,"Exchange rates,  monthly averages, National currency per US dollar","Broad money, s.a.","Broad money, s.a.","Broad money, s.a.","Narrow money, s.a.","Narrow money, s.a.","Manufacturing - Confidence indicator, s.a.","Total manufacturing, s.a.","Total manufacturing, s.a.","Total manufacturing, s.a.","Current account as a % of GDP, s.a.",Long-term interest rate,3 month interbank rate,"Imports in goods, s.a.","Imports in goods, s.a.","Imports in goods, s.a.","Passenger car registrations, s.a.",Share prices,Share prices,Consumer prices: all items,Consumer prices: all items,Consumer prices: all items,"Industrial production, s.a.","Industrial production, s.a.","Industrial production, s.a.","Gross domestic product; constant prices, s.a.","Gross domestic product; constant prices, s.a.","GDP Private final consumption expenditure; constant prices, s.a.","GDP Private final consumption expenditure; constant prices, s.a.","GDP Government consumption expenditure; constant prices, s.a.","GDP Government consumption expenditure; constant prices, s.a.","GDP Gross fixed capital formation; constant prices, s.a.","GDP Gross fixed capital formation; constant prices, s.a.","GDP Exports; constant prices, s.a.","GDP Exports; constant prices, s.a."
LOCATION,IND,IND,IND,IND,IND,IND,IND,IND,IND,IND,IND,IND,IND,IND,IND,IND,IND,IND,IND,IND,IND,IND,IND,IND,IND,IND,IND,IND,IND,IND,IND,IND,IND,IND,IND,IND,IND,IND,IND,IND,IND
MEASURE,GP,GY,ST,GP,GY,ST,ST,GP,GY,ST,GP,ST,ST,GP,GY,ST,ST,ST,ST,GP,GY,ST,ST,GP,GY,GP,GY,ST,GP,GY,ST,GP,GY,GP,GY,GP,GY,GP,GY,GP,GY
FREQUENCY,Q,Q,Q,Q,Q,Q,Q,Q,Q,Q,Q,Q,Q,Q,Q,Q,Q,Q,Q,Q,Q,Q,Q,Q,Q,Q,Q,Q,Q,Q,Q,Q,Q,Q,Q,Q,Q,Q,Q,Q,Q
TIME_PERIOD,,,,,,,,,,,,,,,,,,,,,,,,,,,,,,,,,,,,,,,,,
1951-07-01,,,,,,,,,,0.0387169105510776,,0.128618153468933,,,,,,,,,,,,,,,,,,,,,,,,,,,,,
1951-10-01,,,,,,,,-2.46592707400157,,0.0377621797715817,-3.04233377634833,0.124705159943432,,,,,,,,,,,,,,,,,,,,,,,,,,,,,
1952-01-01,,,,,,,,-1.34055246314653,,0.0372559579405159,-2.31058845732679,0.121823736912088,,,,,,,,,,,,,,,,,,,,,,,,,,,,,
1952-04-01,,,,,,,,-2.14634010148372,,0.0364563183750467,-2.57302804512064,0.118689177995726,,,,,,,,,,,,,,,,,,,,,,,,,,,,,
1952-07-01,,,,,,,,0.671230792081422,-5.19997192280048,0.0367010244096392,0.256164543295206,0.11899321758648,,,,,,,,,,,,,,,,,,,,,,,,,,,,,
1952-10-01,,,,,,,,-0.464095328135798,-3.25924060765245,0.0365306966699761,-0.995239580298145,0.117808949987189,,,,,,,,,,,,,,,,,,,,,,,,,,,,,
1953-01-01,,,,,,,,-0.478798626271797,-2.41144145162752,0.0363557881961528,-1.11893029563309,0.116490749954815,,,,,,,,,,,,,,,,,,,,,,,,,,,,,
1953-04-01,,,,,,,,1.37917492614723,1.10086759151174,0.0368571981111573,1.13941517611307,0.117818063238568,,,,,,,,,,,,,,,,,,,,,,,,,,,,,
1953-07-01,,,,,,,,-0.121879527291798,0.303229725096873,0.0368122767323264,-0.254735264296009,0.117517939083789,,,,,,,,,,,,,,,,,,,,,,,,,,,,,
1953-10-01,,,,,,,,0.93167160545184,1.71116355542158,0.0371552462619619,0.973045147525092,0.118661441687515,,,,,,,,,,,,,,,,,,,,,,,,,,,,,
1954-01-01,,,,,,,,1.31312576794946,3.54121973861079,0.0376431413747728,1.27984110252021,0.120180119591075,,,,,,,,,,,,,,,,,,,,,,,,,,,,,
1954-04-01,,,,,,,,0.650184788320001,2.79713120746288,0.0378878913538373,0.688858946470352,0.121007991096757,,,,,,,,,,,,,,,,,,,,,,,,,,,,,
1954-07-01,,,,,,,,1.11609800028686,4.07079010592846,0.0383107573515884,0.894714540847428,0.122090667188687,,,,,,,,,,,,,,,,,,,,,,,,,,,,,
1954-10-01,,,,,,,,2.9057360520384,6.10474193694274,0.0394239668397624,2.80342519197352,0.125513387709703,,,,,,,,,,,,,,,,,,,,,,,,,,,,,
1955-01-01,,,,,,,,2.42751818728609,7.2726034555462,0.0403809908049473,1.87217163758856,0.127863213755781,,,,,,,,,,,,,,,,,,,,,,,,,,,,,
1955-04-01,,,,,,,,2.32986385484298,9.0628589247647,0.0413218129139392,2.07268579602039,0.130513416425632,,,,,,,,,,,,,,,,,,,,,,,,,,,,,
1955-07-01,,,,,,,,3.48974565144172,11.6226332042277,0.0427638390832003,3.57889310194539,0.135184352083202,,,,,,,,,,,,,,,,,,,,,,,,,,,,,
1955-10-01,,,,,,,,3.15278379920652,11.8913052293342,0.0441120904737342,3.25809172766396,0.139588782275521,,,,,,,,,,,,,,,,,,,,,,,,,,,,,
1956-01-01,,,,,,,,2.59667407499705,12.0760771764494,0.0452575376910049,2.70615191247871,0.143366266776676,,,,,,,,,,,,,,,,,,,,,,,,,,,,,
1956-04-01,,,,,,,,2.52089943291331,12.289496821093,0.046398434702008,2.30352689786872,0.146668747294347,,,,,,,,,,,,,,,,,,,,,,,,,,,,,
1956-07-01,,,,,,,,1.22280953724241,9.83122467301419,0.0469657991866753,0.750342078734739,0.14776926462165,,,,,,,,,,,,,,,,,,,,,,,,,,,,,
1956-10-01,,,,,,,,1.1558203761117,7.70152736042733,0.0475086394634786,1.40280603282733,0.149842180780427,,,,,,,,,,,,,,,,,,,,,,,,,,,,,
1957-01-01,,,,,,,4.78733333333333,2.2551888620187,7.34102149628194,0.0485800490091556,1.77324938266209,0.152499256326083,,,,,,,,,,,,,,,,2.18651949271435,,,,,,,,,,,,,
1957-04-01,,,,,,,4.79733333333333,3.22283705350293,8.07320411174292,0.0501457048292325,2.01178351705458,0.155567211228482,,,,,,,,,,,,-7.21040191243061,,3.13531353113007,,2.25507373423022,,,,,,,,,,,,,
1957-07-01,,,,,,,4.80233333333333,2.1018181214954,9.0152995735057,0.0511996763404849,0.528921523752092,0.15639003969257,,,,,,,,,,,,-2.6973998060586,,2.39999999934796,,2.30919550383704,,,,,,,,,,,,,
1957-10-01,,,,,,,4.77966666666667,2.20582440644979,10.1471574511109,0.0523290512972267,0.865515329492275,0.157743619459909,,,,,,,,,,,,-5.19013361720582,,0.312499999807667,,2.31641173978209,,,,,,,,,,,,,
1958-01-01,,,,,,,4.75833333333333,2.38560729610558,10.287122146691,0.0535774169629561,-0.0425965180159491,0.157676426170626,,,,,,,,,,,,-0.135501296188951,-14.5152983332287,-2.72585669614698,3.05280528122307,2.25326967526291,,,,,,,,,,,,,
1958-04-01,,,,,,,4.75533333333333,1.91040346976281,8.89555554364042,0.0546009617956257,0.335394815024702,0.158205264728519,,,,,,,,,,,,4.667571167518,-3.57242320419658,2.80224179250831,2.71999999998924,2.31641173980104,,,,,,,,,,,,,
1958-07-01,,,,,,,4.77333333333333,1.83636331168115,8.60060272432192,0.0556036338258656,1.12925160500989,0.159991800219676,,,,,,,,,,,,8.91884887717721,7.93936280922198,5.84112149578578,6.17187500112506,2.45171616386547,,,,,,,,,,,,,
1958-10-01,,,,,,,4.77233333333333,3.02404457891869,9.46940907651531,0.0572851125002585,0.80184723820024,0.161274690051084,,,,,,,,,,,,0.59509638222602,14.5257452572495,1.10375275869092,7.00934579500029,2.4787770486594,,,,,,,,,,,,,
1959-01-01,,,,,,,4.765,2.47734920284134,9.5679830303362,0.0587042647781304,1.45629886521575,0.163623331532178,,,,,,,,,,,,-0.473260748189823,14.1383988682909,-3.20232896683154,6.48518814895301,2.39939845320701,,,,,,,,,,,,,
1959-04-01,,,,,,,4.75633333333333,3.28884516259529,11.0499200232893,0.0606349571505231,2.37237571713847,0.167505091717021,,,,,,,,,,,,6.89491204150898,16.5672803093664,1.35338345939238,4.98442367618573,2.43187151499763,,,,,,,,,,,,,
1959-07-01,,,,,,,4.766,2.85750655476573,12.163290748058,0.0623676050255787,0.810374932559393,0.168862510991056,,,,,,,,,,,,2.55782916867424,9.75958104465406,4.45103857600985,3.60559234737563,2.54011505424917,,,,,,,,,,,,,
1959-10-01,,,,,,,4.776,2.97049599518852,12.1069800543615,0.0642202322351585,1.84804312562173,0.171983163017178,,,,,,,,,,,,2.125352411841,11.4292475268393,0.852272726738688,3.34788937431058,2.56176376208432,,,,,,,,,,,,,
1960-01-01,,,,,,,4.7619000037619,2.70452634645863,12.3562183254293,0.0659570853357153,2.35928833224676,0.176040741715672,,,,,,,,,,,,2.35718838006738,14.5981930674616,-2.88732394408702,3.68421052641555,2.48779734359072,,,,,,,,,,,,,
1960-04-01,,,,,,,4.7619000037619,1.97862293965987,10.9322040135386,0.0672621273564988,1.76038982194806,0.179139745015316,,,,,,,,,,,,6.88796680478605,14.5907473288041,1.01522842653125,3.33827893122822,2.51305416941734,,,,,,,,,,,,,
1960-07-01,,,,,,,4.7619000037619,1.58296354301995,9.55997197828561,0.0683268623108118,1.90301259015074,0.182548796916922,,,,,,,,,,,,3.16381987559463,15.2678377912603,2.22541277830868,1.13636363565158,2.56897999802937,,,,,,,,,,,,,
1960-10-01,,,,,,,4.7619000037619,-0.77815931302802,5.57578574511999,0.0677951704684404,0.658926422871597,0.183751659174441,,,,,,,,,,,,-5.41862652853483,6.75302613809527,-1.12359550492184,-0.84507042201016,2.54011505424917,,,,,,,,,,,,,
1961-01-01,,,,,,,4.7619000037619,0.0265569623034553,2.81786668507838,0.0678131748063053,1.25764542197354,0.186062603503849,,,,,,,,,,,,2.18818380724958,6.57676348507587,-0.852272728230634,1.23277737491044,2.51846634637612,,,,,,,,,,,,,
1961-04-01,,,,,,,4.7619000037619,-0.0897264670639108,0.731655384400446,0.0677523284403477,0.235766081265201,0.18650127601283,,,,,,,,,,,,5.80105119742542,5.49301242238165,0.85959885484264,1.07681263544381,2.54011505424917,,,,,,,,,,,,,
1961-07-01,,,,,,,4.7619000037619,1.03839678382757,0.188280878439906,0.0684558664398406,1.23772218456992,0.188809643680547,,,,,,,,,,,,-0.827966881511816,1.4111006585216,2.69886363616444,1.54494382074269,2.60866929576504,,,,,,,,,,,,,
1961-10-01,,,,,,,4.7619000037619,1.53732864788752,2.53239252508565,0.0695082580857799,1.58521046277702,0.191802673906903,,,,,,,,,,,,2.43042671615453,9.82693455325176,0.207468880264787,2.91193181859506,2.61408147274278,,,,,,,,,,,,,
1962-01-01,,,,,,,4.7619000037619,3.04572767119124,5.62081615739761,0.0716252903360615,2.25975755485425,0.196136949320927,,,,,,,,,,,,3.22405361367445,10.9402374929586,-0.621118014205218,3.15186246374363,2.59784494180957,,,,,,,,,,,,,
1962-04-01,,,,,,,4.7619000037619,3.34044693645507,9.24838410909207,0.0740178951528195,2.72468167751041,0.201481056841902,,,,,,,,,,,,1.38620810651482,6.31094756193674,1.45833333462798,3.76420454533374,2.63573018057793,,,,,,,,,,,,,
1962-07-01,,,,,,,4.7619000037619,2.05653516961697,10.3489216171314,0.0755400991984474,1.87255681715457,0.20525390410707,,,,,,,,,,,,-3.94600207634448,2.96846011189038,2.80629705649303,3.87275242023013,2.70969659905258,,,,,,,,,,,,,
1962-10-01,,,,,,,4.7619000037619,1.86730203256162,10.7090097960054,0.0769506610061791,2.27978738002973,0.209933256709921,,,,,,,,,,,,-6.16216216252251,-5.66926281455714,0.066577896097047,3.72670807363372,2.71150065803884,,,,,,,,,,,,,
1963-01-01,,,,,,,4.7619000037619,1.34267900877472,8.88524007099223,0.0779838613786224,1.98638886227028,0.214103347539408,,,,,,,,,,,,-3.590629800513,-11.8968240044284,-2.26214238189356,2.01388888984316,2.65016265246802,,,,,,,,,,,,,
1963-04-01,,,,,,,4.7619000037619,1.78737332561452,7.24234360896697,0.0793777241151882,2.98928605511683,0.220503509050942,,,,,,,,,,,,-2.68870742861598,-15.4378677742235,2.04220558147324,2.60095824686764,2.70428442207485,,,,,,,,,,,,,
1963-07-01,,,,,,,4.7619000037619,2.79623056937861,8.0169897999206,0.0815973083021741,3.45794840476912,0.228128406624629,,,,,,,,,,,,-0.204666393778981,-12.1441441445045,2.80186791231571,2.59653794918338,2.78005489955471,,,,,,,,,,,,,
1963-10-01,,,,,,,4.7619000037619,3.30426707259074,9.54087409945172,0.0842935012925232,3.82344199395597,0.236850763923658,,,,,,,,,,,,6.25512715363518,-0.518433179533487,1.94678780028549,4.52428476378714,2.83417666918048,,,,,,,,,,,,,
1964-01-01,,,,,,,4.7619000037619,2.61065859921575,10.9124457474692,0.0864941168325964,3.43690095468165,0.244991090090121,,,,,,,,,,,,-1.331789230074,1.81238797073376,2.164226607248,9.25799863849068,2.8955146747513,,,,,,,,,,,,,
1964-04-01,,,,,,,4.7619000037619,1.68928050357148,10.8054589985117,0.0879552450849858,2.12465882322983,0.250196314901848,,,,,,,,,,,,-3.93192488284013,0.51166598424276,3.73831775664852,11.0740493664227,3.00375821398389,,,,,,,,,,,,,
1964-07-01,,,,,,,4.7619000037619,2.9598345930768,10.9811013018264,0.0905585748554367,2.33540165623005,0.256039403783892,,,,,,,,,,,,1.42537161495476,2.15340442986937,6.36636636684639,14.9253731346132,3.19498846666035,,,,,,,,,,,,,
1964-10-01,,,,,,,4.7619000037619,2.14932125418697,9.7429138048625,0.0925049695522934,2.62601757132176,0.262763043516764,,,,,,,,,,,,-1.38526400321778,-5.19204786741016,4.51722190808556,17.8230426476102,3.33931318563714,,,,,,,,,,,,,
1965-01-01,,,,,,,4.7619000037619,1.88930565497437,8.96982015572418,0.0942526711731772,1.91993843185415,0.267807932173952,,,,,,,,,,,,-1.05863192203196,-4.92957746500361,-0.86439762237191,14.3302180687886,3.31044824185694,,,,,,,,,,,,,
1965-04-01,,,,,,,4.7619000037619,2.55215720230431,9.89366569004592,0.0966581475088877,2.05154646128166,0.273302136329499,,,,,,,,,,,,-3.53909465022764,-4.54082671556428,-0.381471389980162,9.78978979004589,3.29781982893415,,,,,,,,,,,,,
1965-07-01,,,,,,,4.7619000037619,2.55418158765503,9.46384562245104,0.0991269721155282,2.27846216298712,0.279529222096402,,,,,,,,,,,,-2.83703071652836,-8.55249949812706,5.36105032834828,8.75211744765711,3.47461760970156,,,,,,,,,,,,,
1965-10-01,,,,,,,4.7619000037619,2.58702253376479,9.92928687519964,0.101691409221196,2.90519551031695,0.28765009250677,,,,,,,,,,,,-6.90851718669189,-13.6743273178983,1.5576323988762,5.67260940078765,3.52873937932733,,,,,,,,,,,,,
1966-01-01,,,,,,,4.7619000037619,2.91754784768206,11.0392772363233,0.104658304742206,2.52096190539345,0.294901641759695,,,,,,,,,,,,-0.450783283735996,-13.1439835030802,0.56237218832574,7.1934604905543,3.54858402819517,,,,,,,,,,,,,
1966-04-01,,,,,,,5.6746000046746,2.98730625748221,11.5114777370363,0.107784768828745,2.34794553278796,0.30182577168351,,,,,,,,,,,,8.00359712185248,-2.75063063811022,3.8637519056446,11.7614879645855,3.68569251120796,,,,,,,,,,,,,
1966-07-01,,,,,,,7.5000000065,2.65573443132147,11.622958952761,0.11064724604625,2.06494671747606,0.308058313048386,,,,,,,,,,,,-1.20732722773194,-1.11947797057556,5.13950073464243,11.5264797507024,3.87511870489815,,,,,,,,,,,,,
1966-10-01,,,,,,,7.5000000065,2.2807485789085,11.2879143731055,0.113170831538051,1.54564261205221,0.312819793604831,,,,,,,,,,,,-0.379266750951345,5.8158040985868,2.51396648035269,12.5766871162482,3.97253789021317,,,,,,,,,,,,,
1967-01-01,,,,,,,7.5000000065,2.55290542514133,10.8941143212543,0.116059975836064,2.87344510959441,0.321808498666012,,,,,,,,,,,,5.28764805503621,11.9154676258992,2.04359673040899,14.2348754444902,4.05372054465182,,,,,,,,,,,,,
1967-04-01,,,,,,,7.5000000065,1.5603860933153,9.36164152318476,0.117870959558915,0.989088061613279,0.324991468107574,,,,,,,,,,,,-4.45962233869016,-0.999167360537032,4.04984423657956,14.4395496821862,4.21788991249645,,,,,,,,,,,,,
1967-07-01,,,,,,,7.5000000065,1.72233847303479,8.3625452979545,0.119901096443933,1.76643299855454,0.330732224642714,,,,,,,,,,,,-3.74264087470042,-3.53982300845802,3.67835757098816,12.8491620115064,4.37303898542871,,,,,,,,,,,,,
1967-10-01,,,,,,,7.5000000065,2.97128296323731,9.0955148338833,0.123463697295307,2.91337684478993,0.340367700693713,,,,,,,,,,,,-0.262123197904135,-3.4263959386923,0.783828382349225,10.9445958218713,4.40731610616769,,,,,,,,,,,,,
1968-01-01,,,,,,5.0,7.5000000065,2.72295501864034,9.27611561310669,0.126825558237008,2.14874745068803,0.347681342985335,,,,,,,,,,,,-1.13885238809085,-9.32101245600641,0.450266066463085,9.2122830439408,4.42716075503553,,,,,,,,,,,,,
1968-04-01,,,,,,5.0,7.5000000065,2.50697961713597,10.2937164094755,0.130005049131329,2.20439422568691,0.355345610433894,,,,,,,,,,,,4.9180327873937,-0.420521447016106,-1.507742461208,3.37895637311975,4.36041057250592,,,,,,,,,,,,,
1968-07-01,,,,,,5.0,7.5000000065,2.43319030465615,11.0658886911477,0.133168319382356,1.6561713953081,0.361230742788383,,,,,,,,,,,,2.02702702746646,5.54827435563809,1.48944973144968,1.19636963708382,4.42535669606821,,,,,,,,,,,,,
1968-10-01,,,,,,5.0,7.5000000065,2.29358379606506,10.3372995171644,0.136222646377202,1.12284304713372,0.365286797067892,,,,,,,,,,,,-0.248344371275899,5.56285589095734,-0.774561761480989,-0.368399508572589,4.39107957529133,,,,,,,,,,,,,
1969-01-01,,,,,,5.0,7.5000000065,3.07343326977754,10.7073427368519,0.14040935851193,2.48753516246809,0.374373434588809,,,,,,,,,,,,7.96680497973417,15.2857775819489,-3.41002465125077,-4.19722901424614,4.24134267931786,,,,,,,,,,,,,
1969-04-01,,,,,,5.0,7.5000000065,4.05820037360314,12.3828776510203,0.146107451623635,3.53230889635367,0.387597460724374,,,,,,,,,,,,8.91621829403889,19.6790540550649,2.55210548768715,-0.248241621690988,4.34958621858835,,,,,,,,,,,,,
1969-07-01,,,,,,5.0,7.5000000065,3.22003850672601,13.2506697274277,0.150812167827112,2.83084429082504,0.398569741312673,,,,,,,,,,,,-1.30557515913902,15.7698675497341,2.90335960175882,1.14145943713817,4.47587034770251,,,,,,,,,,,,,
1969-10-01,,,,,,5.0,7.5000000065,2.27975788877015,13.231676013508,0.154250320120376,2.0393716758698,0.406698059725592,,,,,,,,,,,,-0.71505184126105,15.2282157681762,-0.927045546420502,0.986031224140928,4.43437699098058,,,,,,,,,,,,,
1970-01-01,,,,,,5.0,7.5000000065,3.08994949490074,13.2558504115268,0.159016577107818,2.76595471657093,0.417947143890774,,,,,,,,,,,,-2.01656463774582,4.57340507342267,0.20341741240447,4.76393024264024,4.44339728591189,,,,,,,,,,,,,
1970-04-01,,,,,,5.0,7.5000000065,6.12356941682195,15.494447527981,0.16875406759127,4.86685608790777,0.438288029907459,,,,,,,,,,,,8.6365306872473,4.3048694424841,2.96386520533404,5.18457071736426,4.57509359200379,,,,,,,,,,,,,
1970-07-01,,,,,,5.0,7.5000000065,3.86592294409931,16.2200731459754,0.175277969809381,3.55999813909091,0.453891075616022,,,,,,,,,,,,5.54803788870105,11.548087236366,2.16876971598349,4.4336960900671,4.67431683630507,,,,,,,,,,,,,
1970-10-01,,,,,,5.0,7.5000000065,3.79771852171265,17.9497966867264,0.181934533733314,3.92713123276719,0.471715973809282,,,,,,,,,,,,-0.0961538467951995,12.2434281592087,0.540331918653903,5.98047192896465,4.69957366215064,,,,,,,,,,,,,
1971-01-01,,,,,,6.0,7.5000000065,3.18317368351633,18.0523884010784,0.187725825932341,2.5308409723188,0.48365435494742,,,,,,,,,,,,-2.95155598270412,11.1723631014333,-2.11132437689611,3.53227771005767,4.60035041781146,,,,,,,,,,,,,
1971-04-01,,,,,,6.0,7.5000000065,2.89962314822968,14.4823558692049,0.193169167436281,1.71211441760503,0.49193507088985,,,,,,,,,,,,-1.05785123967294,1.25169147462786,0.549019607915819,1.10410094610047,4.62560724363808,,,,,,,,,,,,,
1971-07-01,,,,,,6.0,7.5000000065,3.27452898713595,13.8156097894364,0.199494547818191,3.27153929891873,0.508028920059175,,,,,,,,,,,,-6.21450050185834,-10.0320512827245,4.48517940767908,3.39637205744651,4.83307402720985,,,,,,,,,,,,,
1971-10-01,,,,,,6.0,7.46774090437297,4.22019100504223,14.2749679370205,0.207913598780764,3.95968000208714,0.528145239611577,,,,,,,,,,,,-3.91877449166996,-13.4744947059366,1.38111235527965,4.26103646808636,4.89982420973946,,,,,,,,,,,,,
1972-01-01,,,,,,6.0,7.29847348571721,4.19811352828657,15.4067976457389,0.216642047698327,3.20586258881704,0.545076850262903,,,,,,,,,,,,5.11679644050837,-6.28099173555796,-1.21502209132769,5.21568627499438,4.8402902631549,,,,,,,,,,,,,
1972-04-01,,,,,,6.0,7.29743559317154,3.06966425595294,15.5905221829357,0.223292231199887,1.93272135431369,0.555611666945354,,,,,,,,,,,,3.1393298060076,-2.30537921818339,1.900857249339,6.63026521101329,4.93229727151113,,,,,,,,,,,,,
1972-07-01,,,,,,6.0,7.75877417340442,4.14146379261732,16.566105596384,0.232539798106757,3.72135433682486,0.57628794580913,,,,,,,,,,,,-5.027359781139,-1.06875667902822,4.75493782015799,6.9055617767903,5.16682493987684,,,,,,,,,,,,,
1972-10-01,,,,,,6.0,8.02319024350428,3.65503827730954,15.9312976948549,0.241039216737538,2.99263862456748,0.593534161464141,,,,,,,,,,,,0.432120993879859,3.41119762700557,1.43156424528431,6.95876288613252,5.24079135833254,,,,,,,,,,,,,
1973-01-01,,,,,,6.0,7.84234807367938,4.94130085014976,16.75319060447,0.252949689603384,4.82759117030228,0.622187564235711,,,,,,,,,,,,0.984564763918565,-0.653985493279539,1.61790017220142,10.0260901971715,5.32558213074372,,,,,,,,,,,,,
1973-04-01,,,,,,7.0,7.49868961516075,5.59404017967474,19.6185197355555,0.26709979687416,5.28376971057061,0.655062522297735,,,,,,,,,,,,-47.0223032603028,-48.9707462833636,6.70731707328786,15.2158010238909,5.68278581025106,,,,,,,,,,,,,
1973-07-01,,,,,,7.0,7.65122062703308,4.67880663362542,20.2326606584212,0.279596879888708,4.14008403695873,0.682182661215483,,,,,,,,,,,,6.16174582770326,-42.9587863372142,8.22222222245786,19.0293296088102,6.15003708799621,,,,,,,,,,,,,
1973-10-01,,,,,,7.0,7.97589593272552,4.1374341169179,20.8044482633142,0.291165016587061,3.40047496917723,0.705380111854182,,,,,,,,,,,,11.1850060463529,-36.8516006310907,4.7227926076365,22.8915662653695,6.440490584955,,,,,,,,,,,,,
1974-01-01,,,,,,7.0,8.32530976845176,3.38197960549175,19.0100078961044,0.301012158066362,3.53744901127612,0.730332573646706,,,,,,,,,,,,-1.41381185373252,-38.351370866696,4.25770308123726,26.0840108403268,6.71470755103742,,,,,,,,,,,,,
1974-04-01,,,,,,7.0,7.91221034826423,3.72673097578427,16.9009593256616,0.312230071401898,3.89921616162333,0.758809819391938,,,,,,,,,,,,8.41147269663536,26.155327342915,8.94680279400395,28.7301587300127,7.31545919382283,,,,,,,,,,,,,
1974-07-01,,,,,,9.0,8.07273392364014,2.91936728336719,14.9416401411895,0.321345213955239,2.18313544373216,0.775375665509604,,,,,,,,,,,,-8.70007631624876,8.49455864638901,10.0616522813812,30.9181578174017,8.05151526069162,,,,,,,,,,,,,
1974-10-01,,,,,,9.0,8.09615886851706,1.8395918197198,12.3988518442385,0.327256654224221,0.554011083053024,0.779671332631823,,,,,,,,,,,,-15.4360546113553,-17.4823273516448,2.66636791395,28.3473389356293,8.26619828018948,,,,,,,,,,,,,
1975-01-01,,,,,,9.0,7.82107411352127,2.64021377055281,11.5903065329437,0.335896929474099,1.72541974157026,0.793123935724416,,,,,,,,,,,,1.48270181186639,-15.0579150584667,-2.00785683097697,20.6340677057054,8.1002248533586,,,,,,,,,,,,,
1975-04-01,,,,,,9.0,8.0533091865381,2.86651654190991,10.6636649844449,0.345525470521242,1.79666153902218,0.807373688434356,,,,,,,,,,,,-8.08441558446803,-27.982701602788,0.601336302755059,11.3933415538369,8.14893444600663,,,,,,,,,,,,,
1975-07-01,,,,,,9.0,8.71642918648134,3.79822917957431,11.6068094140638,0.358649319765441,3.47888940526092,0.835461326142163,,,,,,,,,,,,2.89650300249304,-18.8353301758675,-1.39473101599284,-0.201658077401044,8.03527872981525,,,,,,,,,,,,,
1975-10-01,,,,,,9.0,8.91275529607472,3.12781559390228,13.0193728633604,0.369867209116489,2.20313272094496,0.853867647989242,,,,,,,,,,,,-1.64778578785884,-5.60131795751438,-2.82891782679802,-5.54343081623225,7.8079672973946,,,,,,,,,,,,,
1976-01-01,,,,,,9.0,8.93074357963299,3.34071748456773,13.7879764450736,0.382223427641126,1.77246152361504,0.869002123512448,,,,,,,,,,,,7.12041884786821,-0.357142857469784,-6.70055452885611,-10.0668151450521,7.28479019103742,,,,,,,,,,,,,
1976-04-01,,,,,,9.0,9.06346505330364,4.82145006439019,15.9485476892811,0.400652139339244,3.53315336849424,0.899705301311614,,,,,,,,,,,,-3.03030303000689,5.12186506538404,-0.470529965038064,-11.0250166038391,7.25051307029844,,,,,,,,,,,,,
1976-07-01,,,,,,9.0,8.96668569600935,5.61541366872324,17.9768000378481,0.423150414335732,5.05588167252695,0.945193336747382,,,,,,,,,,,,7.05645161295078,9.37178166844757,3.11022642437855,-6.96003592291355,7.47602044371388,,,,,,,,,,,,,
1976-10-01,,,,,,9.0,8.88075658354971,5.91867209645064,21.1713414070249,0.448195299835036,5.09824612372164,0.99338161939978,,,,,,,,,,,,0.376647834277249,11.6230366492958,2.07528957552162,-2.26432532328172,7.63116951664614,,,,,,,,,,,,,
1977-01-01,,,,,,9.0,8.84254034995751,4.57150297751079,22.6235958342393,0.468684561312058,3.77316287478069,1.03086352586787,,,,,,,,,,,,-1.65728580395032,2.47637666994925,1.44208037809675,6.2654779596689,7.74121711486499,,,,,,,,,,,,,
1977-04-01,,,,,,9.0,8.8136792267662,4.5545690385967,22.3183150839404,0.49003112323026,3.06808817209824,1.06249132777549,,,,,,,,,,,,4.96025437270234,10.9206989251407,2.3770682824424,9.30579746201661,7.92523113157745,,,,,,,,,,,,,
1977-07-01,,,,,,9.0,8.73286159420328,4.00526321640295,20.4506635496266,0.509658159557927,3.13876307493744,1.09584041324612,,,,,,,,,,,,-2.42350802818066,1.09855618330877,3.34623264267347,9.55598455588008,8.19042780270962,,,,,,,,,,,,,
1977-10-01,,,,,,9.0,8.56522351433132,4.72404044705742,19.0861233338267,0.533734617157172,5.42727142611658,1.15531464687007,,,,,,,,,,,,-4.09810617761007,-3.40838023704449,0.704845815003652,8.08510638265751,8.24815769030791,,,,,,,,,,,,,
1978-01-01,,,,,,9.0,8.13842648900966,4.40078240098013,18.8917136636267,0.557223116256964,-0.776128896717897,1.1463479160477,,,,,,,,,,,,6.15085788216254,4.26073131991345,-2.40594925622898,3.98508506172728,8.04971120170536,,,,,,,,,,,,,
1978-04-01,,,,,,9.0,8.46477156661042,4.7078552782924,19.0618508896687,0.583456374147533,-15.6504844601758,0.966938913587103,,,,,,,,,,,,12.5038121379232,11.7540139349038,0.605109816085249,2.18529478699839,8.09842079435339,,,,,,,,,,,,,
1978-07-01,,,,,,9.0,8.05056472698266,4.34442920508866,19.4540388817258,0.60880422326495,3.0350867626004,0.996286348555817,,,,,,,,,,,,3.68663594444931,18.7519403909888,2.58409445314319,1.43171806171171,8.30769163689247,,,,,,,,,,,,,
1978-10-01,,,,,,9.0,8.11759861101297,5.4480294219067,20.2753820866728,0.641972056470234,6.00207159715299,1.0560841685088,,,,,,,,,,,,5.30718954304818,30.3981871152477,1.82410423476456,2.55905511836079,8.4592325918522,,,,,,,,,,,,,
1979-01-01,,,,,,9.0,8.19138046910402,5.89072646492359,21.99777655139,0.679788874298141,6.88050166482852,1.12874805730504,,,,,,,,,,,,2.28401191658954,25.6480634344351,-2.15397739390332,2.82384580918251,8.27702263412601,,,,,,,,,,,,,
1979-04-01,,,,,,9.0,8.17609590025756,3.95832617699118,21.1207933796673,0.706697135257758,2.99243630730159,1.16252512398979,,,,,,,,,,,,6.89121445322122,19.3797244642423,2.81168265024403,5.07908220106205,8.5097462434865,,,,,,,,,,,,,
1979-07-01,,,,,,9.0,7.99815260477808,5.85526507736572,22.8756908091998,0.748076125821249,6.58601234046057,1.23908917211672,,,,,,,,,,,,-6.05153738181628,8.1676676944821,5.38477846088092,7.94788273624342,8.96797722628138,,,,,,,,,,,,,
1979-10-01,,,,,,9.0,8.13753481128791,3.07226449057104,20.1257366916917,0.771059002997295,0.961589079424375,1.25100411828012,,,,,,,,,,,,0.924620849072595,3.66605449793578,2.87668477179037,9.0637662614188,9.22595766148745,,,,,,,,,,,,,
1980-01-01,,,,,,9.0,7.99301794766018,3.79053376045663,17.7222630935121,0.800286254818948,3.30082389019754,1.29229756108367,,,,,,,,,,,,5.4857270543545,6.91103061628625,0.527962455879959,12.0531822142929,9.27466725413548,,,,,,,,,,,,,
1980-04-01,,,,,,9.0,7.92064694820214,3.69713759903796,17.4416313086996,0.829873938845792,2.89651126974774,1.32972910557913,,,,,,,,,,,,0.3256897738707,0.344288778834205,2.70375413339223,11.9355522577241,9.52543145337755,,,,,,,,,,,,,
1980-07-01,,,,,,9.0,7.7469705746998,2.99489653789298,14.2601137078849,0.85472780470916,1.21728087539553,1.34591564367591,,,,,,,,,,,,5.66655229750057,12.8601229069178,4.37500000026855,10.8630054317273,9.94216907948839,,,,,,,,,,,,,
1980-10-01,,,,,,9.0,7.79114333398981,4.78482068508116,16.1501213233989,0.895624997510024,5.26436503096891,1.41676955616793,,,,,,,,,,,,2.46528124687783,14.5829841908273,2.66739248761411,10.6374657801636,10.2073657506206,,,,,,,,,,,,,
1981-01-01,,,,,,9.0,8.11189077192518,5.03417452027766,17.5443603853601,0.940712322931912,5.39409567187182,1.49319146147758,,,,,,,,,,,,15.1061599590473,25.0330985542551,1.96182396595954,12.2155222719039,10.4076162982094,,,,,,,,,,,,,
1981-04-01,,,,,,9.0,8.40961271734019,4.69417067669434,18.6741162169975,0.984870964947032,3.81598274025134,1.55017138992647,,,,,,,,,,,,16.6814908936891,45.4168756103354,4.00416016646963,13.6363636364541,10.8243539243013,,,,,,,,,,,,,
1981-07-01,,,,,,10.0,8.98429091659168,3.73159645018625,19.5324343640098,1.02162237491391,2.80221104055616,1.59361046376253,,,,,,,,,,,,9.79182169628101,51.0940153861523,4.46666666669174,13.7361640353904,11.3078417329228,,,,,,,,,,,,,
1981-10-01,,,,,,10.0,9.12829686251562,3.2131650084999,17.7437707492179,1.05444878758365,2.1886135812331,1.62848843880439,,,,,,,,,,,,6.23718838854723,56.656022231431,1.85067007022028,12.8313891834598,11.5171125754619,,,,,,,,,,,,,
1982-01-01,,,,,,10.0,9.19525861679196,2.2715335376522,14.649926724292,1.07840094543098,1.57729598317935,1.65417452153619,,,,,,,,,,,,7.38660234964616,46.1499364675986,-0.57957393497023,10.0190674293338,11.4503623929133,,,,,,,,,,,,,
1982-04-01,,,,,,10.0,9.35378420759799,3.31509189608721,13.1258430864125,1.11415092778029,2.28277250627984,1.69193556271971,,,,,,,,,,,,-2.73140903031373,21.8342196489826,1.22892705204993,7.08333333313273,11.5910789939176,,,,,,,,,,,,,
1982-07-01,,,,,,10.0,9.56981509778527,4.02932202067541,13.4472537300678,1.1590436564569,3.3637650426319,1.74884829972233,,,,,,,,,,,,-4.08926363460313,6.43060239370484,4.60700389130224,7.22718570520046,12.1250804542113,,,,,,,,,,,,,
1982-10-01,,,,,,10.0,9.70166981177034,4.28414276332105,14.6223828570766,1.20869874138873,3.59573218908538,1.81173220097372,,,,,,,,,,,,5.5077506135257,5.69983661402015,1.99375092993129,7.37781954889058,12.366824358522,,,,,,,,,,,,,
1983-01-01,,,,,,10.0,9.88783720239203,3.75179151998157,16.2881578231761,1.25404659827028,2.50697839944481,1.85715193590791,,,,,,,,,,,,-2.15669532446108,-3.69356054019586,0.875273522891086,8.94910981573388,12.4750678977546,,,,,,,,,,,,,
1983-04-01,,,,,,10.0,10.0081080018382,3.83750169875314,16.8740636709928,1.30217065778205,3.5601840918483,1.92326996369156,,,,,,,,,,,,2.99264252290748,1.97387042471754,4.35285610993593,12.3112840469117,13.0180896529607,,,,,,,,,,,,,
1983-07-01,,,,,,10.0,10.1476783871654,4.64495222082717,17.5689002426209,1.36265586266966,4.12338651018829,2.00257381792892,,,,,,,,,,,,3.66095950447045,10.2140349787212,5.23835920172029,12.9891385209445,13.7000239501847,,,,,,,,,,,,,
1983-10-01,,,,,,10.0,10.3519693847888,4.40657925666926,17.7077892647956,1.42270237325385,3.6338325083156,2.07534399632784,,,,,,,,,,,,1.0400518616645,5.54704981745391,2.05425335802151,13.0561633843897,13.9814571522312,,,,,,,,,,,,,
1984-01-01,,,,,,10.0,10.7406666656667,3.95765257518048,17.9375560616704,1.47900799036608,3.47648930845658,2.14749310847387,,,,,,,,,,,,3.51762999330489,11.6681461865999,0.245161290305612,12.3499638467843,14.0157342729891,,,,,,,,,,,,,
1984-04-01,,,,,,10.0,10.9719999993333,4.16187158338194,18.3030682379579,1.54056240363308,4.99678316887016,2.25479868267074,,,,,,,,,,,,-3.10167344848961,5.06048033658603,0.772300167392215,8.49501108658023,14.1239778122406,,,,,,,,,,,,,
1984-07-01,,,,,,10.0,11.579333333,4.38556130883717,18.0174058415835,1.6081247123453,4.5210600758978,2.35673948570484,,,,,,,,,,,,6.01813226542086,7.44947715550016,3.84468003565184,7.05820384518359,14.6669995674278,,,,,,,,,,,,,
1984-10-01,,,,,,10.0,12.1583333326667,4.46045391533587,18.0737146390086,1.67985437404059,4.48615088803856,2.46246637507154,,,,,,,,,,,,5.43255862756406,12.1206203972326,0.848708487203421,5.79354838715202,14.7914796375746,,,,,,,,,,,,,
1985-01-01,,,,,,10.0,12.8376666663333,4.35244902192876,18.5221113115114,1.75296917931335,3.86318746098272,2.55759606730422,,,,,,,,,,,,12.1886895728113,21.5123015979952,-0.902549091431194,4.58231432615748,14.6579792724964,,,,,,,,,,,,,
1985-04-01,,,,,,10.0,12.497666666,3.31346478615795,17.5712275364077,1.8110531957821,2.85683974028445,2.63066248815092,,,,,,,,,,,,30.3257784085868,63.4309472161967,2.32615384612943,6.194916336597,14.9989464211085,,,,,,,,,,,,,
1985-07-01,,,,,,10.0,12.0483333326667,3.87894993237817,16.9849276605118,1.88130304249522,2.75516999407817,2.70314171166992,,,,,,,,,,,,24.0698357057168,91.2583285242118,2.8987250420646,5.22755227550408,15.433724637063,,,,,,,,,,,,,
1985-10-01,,,,,,10.0,12.0913333333333,3.76921885047025,16.2222837950516,1.95221347140742,2.16864698180251,2.7617633128139,,,,,,,,,,,,1.03824499564541,83.2868907521212,1.77673874927062,6.19587754589975,15.7079416031454,,,,,,,,,,,,,
1986-01-01,,,,,,10.0,12.3123333333333,4.31840770610805,16.173875143411,2.03651800839636,3.17454334300192,2.8494366862103,,,,,,,,,,,,22.0732063229195,99.4355983322983,0.792465832079353,8.012307692238,15.8324216732733,,,,,,,,,,,,,
1986-04-01,,,,,,10.0,12.4996666663333,3.96610331660756,16.9058464268667,2.11728841667068,3.6405894873279,2.95317297865654,,,,,,,,,,,,1.82587471296969,55.8226200301194,2.73473108487321,8.44358912683193,16.2653958302605,,,,,,,,,,,,,
1986-07-01,,,,,,10.0,12.5923333333333,4.05406027046192,17.1071255315373,2.20312456518202,4.17530071318958,3.07647683109611,,,,,,,,,,,,-5.31606449604967,18.9160831967521,3.29414374450197,8.86031560505266,16.8012013495216,,,,,,,,,,,,,
1986-10-01,,,,,,10.0,13.039,4.18212750085048,17.56902674602,2.29526204350049,2.97531022965825,3.16801156096478,,,,,,,,,,,,-7.05507851470798,9.39071652062966,2.41597766547799,9.54404502122896,17.207114621658,,,,,,,,,,,,,
1987-01-01,,,,,,10.0,13.015,4.99162354305735,18.3305574185107,2.40983288403872,4.91858672889132,3.32383295717213,,,,,,,,,,,,2.43278961116298,-8.2092083242985,-0.230656321936843,8.43208751154279,17.1674253239602,,,,,,,,,,,,,
1987-04-01,,,,,,10.0,12.7813333333333,3.49068109276121,17.7956320360365,2.493952464889,3.14902210044253,3.42850119157528,,,,,,,,,,,,-13.7848740717409,-22.2814958802685,2.37494745676074,8.05235137521629,17.5751426550829,,,,,,,,,,,,,
1987-07-01,,,,,,10.0,13.0493333333333,4.03601375305166,17.7674764422364,2.59460872936649,2.5429916313343,3.51568768995723,,,,,,,,,,,,1.36507981115107,-16.797476457121,4.54732087875674,9.36325566404815,18.3743407865088,,,,,,,,,,,,,
1987-10-01,,,,,,10.0,13.0003333333333,4.11177227283668,17.6943865261282,2.70129313168918,4.3653411186434,3.66915945029002,,,,,,,,,,,,-9.18706118007464,-18.7059867347509,2.35640648009625,9.29964353119918,18.807314943477,,,,,,,,,,,,,
1988-01-01,,,,,,10.0,13.043,3.82550203473343,16.3847949116282,2.80463115540606,3.33301071776977,3.79145292802025,,,,,,,,,,,,-2.02329344242283,-22.2424800416732,-0.0863309351981499,9.45775535935698,18.7910784126007,,,,,,,,,,,,,
1988-04-01,,,,,,10.0,13.4286666666667,3.32062726865555,16.1924107454374,2.89776250233769,2.89122184934585,3.90107224348283,,,,,,,,,,,,19.9504568717722,8.18345323741016,2.69777265748588,9.80291521264757,19.2980189880625,,,,,,,,,,,,,
1988-07-01,,,,,,10.0,14.2763333333333,4.93096830818603,17.1886860911529,3.04065025297446,4.40473265287229,4.07290404640366,,,,,,,,,,,,17.2829644638403,25.1720624623127,3.6739272692009,8.88561610205109,20.0070141700805,,,,,,,,,,,,,
1988-10-01,,,,,,10.0,14.9203333333333,4.26735704800702,17.3569690954594,3.17040565585001,3.1923926729707,4.20292713675817,,,,,,,,,,,,14.0124143811913,57.1490719257541,2.84941388641329,9.41007194243998,20.5770968100995,,,,,,,,,,,,,
1989-01-01,,,,,,10.0,15.2813333333333,4.39746869524711,18.0193117063669,3.30982325207835,4.13230508098639,4.37660490838059,,,,,,,,,,,,-3.44239763383733,54.8729094124154,-0.99800399197957,8.41174793268165,20.3717365625012,,,,,,,,,,,,,
1989-04-01,,,,,,10.0,16.1046666666667,4.16868073726052,18.9772400993442,3.44779921642511,3.95302725889795,4.54961329342314,,,,,,,,,,,,11.2144455901214,43.5934902327512,2.01612903218381,7.69217851093157,20.7824570576978,,,,,,,,,,,,,
1989-07-01,,,,,,10.0,16.605,4.56540825366716,18.5727198920378,3.60520532642166,6.15777901767699,4.82976842619099,,,,,,,,,,,,-0.302110704578213,22.0634894267346,3.16205533590891,7.16046716298891,21.4396098500237,,,,,,,,,,,,,
1989-10-01,,,,,,10.0,16.911,4.88561575634387,19.2837931384858,3.78134180589786,5.89931898408403,5.11469187184457,,,,,,,,,,,,-0.00816537608357834,7.05283555849105,0.957854406184614,5.18962075844112,21.6449700976409,,,,,,,,,,,,,
1990-01-01,,,4.4441832389138,,,10.0,17.029,4.17256857679245,19.0109227772772,3.93912088587187,4.2970116990263,5.33447077994688,,,,,,,,,,5.62877766830852,,-3.07814449359185,7.45668083394115,-0.189753320641257,6.04838709673742,21.6038980481288,,,,,,,,,,,,,
1990-04-01,0.0120006076078232,,4.44471656790568,,,10.0,17.3436666666667,4.23524674523946,19.0961087476577,4.10595237498181,4.32240873820128,5.5650484110761,,,,,,,,-3.17062587201917,,5.45031018727869,,10.8500280846283,7.10457643446061,3.99239543725704,8.10276679845464,22.466411088072,,,,,,,,,,,,,
1990-07-01,1.11258659047592,,4.49416788842486,,,10.0,17.554,2.96613748033586,17.2736938666971,4.22774056730089,2.21172944676303,5.68813222551049,,,,,,,,7.02548516146792,,5.83322092073993,,41.9656279030488,52.5124408577276,4.20475319926734,9.19540229894809,23.4110682270583,,,,,,,,,,,,,
1990-10-01,1.45977904171105,,4.55977280935939,,,10.0,18.0873333333333,3.63891347788872,15.8763693963131,4.38158438861457,4.16367052087616,5.92496731017252,,,,,,,,13.8577761010723,,6.64157561541698,,13.6807226586317,73.3914029715322,3.85964912276357,12.3339658443951,24.3146533165135,,,,,,,,,,,,,
1991-01-01,1.02495607092607,3.65253253408219,4.60650847758935,,,10.0,18.809,3.7453450678584,15.3981053002077,4.5456898434076,4.19576736391537,6.1735651548954,,,,,,,,-8.04494706728308,8.50072133970737,6.1072643727231,,-14.2358149440866,53.4305373525556,2.19594594600717,15.0190114068575,24.8485899603032,,,,,,,,,,,,,
1991-04-01,-7.44239995193575,-4.07321529443784,4.26367369286733,,,10.0,20.5260666666667,4.0667798824382,15.2092001965196,4.73055304347733,3.17565380331912,6.36961621153722,,,,,,,,-19.2832253184911,-9.5540133763233,4.92958682293497,,17.2455451525219,62.282746389663,1.65289256199922,12.4314442413525,25.2593104555187,,,,,,,,,,,,,
1991-07-01,1.2964720531285,-3.898760839447,4.31895103073194,,,11.0,25.757,3.39871465629024,15.6935352221289,4.89133104308958,3.87421376676853,6.61638875969491,,,,,,,,-9.47853098541218,-23.5013645273656,4.46233440847029,,30.0462117309103,48.6575075177794,6.01626016262053,14.3859649123395,26.7789762878067,,,,,,,,,,,,,
1991-10-01,4.226896420517,-1.27778717364954,4.50150861725384,,,12.0,25.8776666666667,5.51944246774026,17.7877176089611,5.16130524591963,8.20326200231141,7.15914846474417,,,,,,,,10.7240660860041,-25.6068381131736,4.94087809941314,,11.0754295295432,45.2506292549934,3.22085889569976,13.6824324325321,27.6414893277499,,,,,,,,,,,,,
1992-01-01,5.35591475949949,2.95445248300818,4.74260558168548,,,12.0,25.9136666666667,4.97740137422782,19.1933807653047,5.41820412415813,6.44104253973805,7.62027226284134,,,,,,,,4.50362848421914,-15.4548325117519,5.16339689286885,,44.5663745507933,144.838295366837,1.93164933133578,13.3884297520794,28.1754259715206,,,,,,,,,,,,,
1992-04-01,-0.6857290475615,10.4700898072959,4.71008415760058,,,12.0,25.89,4.17672495734983,19.3177589130598,5.644507608052,3.96990003572184,7.92278945412598,,,,,,,,22.7758108076145,28.5990617092035,6.33940240043491,,31.9061794049738,175.45340056932,2.18658892126975,13.9837398373795,28.7915067143344,,,,,,,,,,,,,
1992-07-01,7.3617423704116,17.0846435333562,5.05682841871271,,,12.0,25.89,4.14309124498127,20.1838481896608,5.8783647085835,2.3801298937826,8.11136213434509,,,,,,,,-2.1203162815926,39.0524880296885,6.20498701918282,,-16.2081281521079,77.4811871362228,3.70898716116787,11.5030674845915,29.8593800018759,,,,,,,,,,,,,
1992-10-01,1.1024612762703,13.5747685618205,5.11257799383645,,,12.0,25.9786666666667,3.15234462821205,17.4998579114182,6.06367102270124,-0.761163293804287,8.04962142315092,,,,,,,,-5.49556854564061,18.6831082716254,5.86398770429552,,-7.2558579988387,48.1906528924878,0.550206327378178,8.61812778597536,30.0236681999621,,,,,,,,,,,,,
1993-01-01,5.05393458011356,13.2492307971653,5.37096434100223,,,12.0,27.8866666666667,2.81060134268202,15.0637076766054,6.23409664188111,0.964856672237905,8.12728873254208,,,,,,,,-3.40300105026409,9.70367489964054,5.66443614113099,,-7.13369710686981,-4.80553932263651,-0.820793433723665,5.68513119522067,29.7772359028138,,,,,,,,,,,,,
1993-04-01,0.525575004105866,14.6304950484884,5.39919278705797,,,12.0,31.3452,4.48070115916001,15.3999436797153,6.51342788237703,5.88620590075033,8.60567768148799,,,,,,,,-1.71574589345113,-12.1802267943989,5.56724881065237,,-11.7176230978056,-36.2881004178093,2.20689655181094,5.70613409413985,30.4343886951776,,,,,,,,,,,,,
1993-07-01,-1.53227953169287,5.13431781532799,5.31646206110525,,,12.0,31.3711566666667,3.38375448310569,14.550538125602,6.73382629035082,2.62211058991678,8.83132806730839,,,,,,,,3.28596714560244,-7.32959215373767,5.75018677748435,,10.530420407286,-15.9572057472363,3.6437246963603,5.63961485559458,31.5433340322501,,,,,,,,,,,,,
1993-10-01,3.27173185800093,7.39009655590587,5.49040244407696,,,12.0,31.3701433333333,3.6391233986669,15.0890759623225,6.97887853850856,3.63874890547555,9.15267792069653,,,,,,,,1.05272754079588,-0.908377193873894,5.81072057733813,,18.5902139401113,7.46396198732638,2.99479166666542,8.2079343365425,32.4879911712364,,,,,,,,,,,,,
1994-01-01,9.23270327617627,11.6617916194806,5.99731501040652,,,12.0,31.37087,5.34177430260473,17.9222904467744,7.3516744788886,7.41768530986076,9.8315947662789,,,,,,,,5.71635667145175,8.44648854128847,6.14288209072022,,31.938620731,52.6780595455935,0.505689001269073,9.65517241389446,32.6522793693226,,,,,,,,,,,,,
1994-04-01,-0.916469286904676,10.0599977563537,5.94235146029722,,,12.0,31.3703333333333,4.77343609443271,18.2551464670479,7.70260196200907,5.4171102222611,10.3641830913743,,,,26.8333539035829,,,,-0.360139894695751,9.94225927025136,6.12075912162742,,0.446915783851582,73.7157598985864,2.89308176100498,10.3913630229489,33.5969365083089,,,31.2810610115745,,,,,,,,,,
1994-07-01,5.49776785183598,17.9176692407594,6.26904814852454,,,12.0,31.37061,4.47625441206788,19.5044649304946,8.04739002217753,5.65670484997343,10.9504543389642,,3.226083127405,,27.6990202063833,,,,13.9843918265024,21.3301468270639,6.97671005995218,,11.1728567868274,74.7254486652381,4.2787286063698,11.0677083333496,35.0344582415538,3.72378117074695,,32.4458992715334,,,,,,,,,,
1994-10-01,9.23351823012132,24.7249527138242,6.84790185217364,,,12.0,31.3831566666667,5.24873239729008,21.3676824118059,8.46977598940785,6.27046651400542,11.6370989114204,,3.33592083279134,,28.6230375919271,,,,8.96968718263197,30.835737612628,7.6024991279691,,-4.49568887090717,40.7117253361419,1.87573270799867,9.86093552457225,35.6916110338607,3.72350336535614,,33.654023422829,,,,,,,,,,
1995-01-01,4.49518846745994,19.3155259325037,7.15572794649552,,,12.0,31.4669833333333,3.66962967552412,19.4331120670288,8.78058540256558,4.4444003048777,12.1542981709185,,3.57719494908315,,29.6469394469397,,,,4.15781055171877,28.9068636181118,7.91859663890613,,-15.314308681672,-9.68323247079358,0.460299194481176,9.81132075463684,35.855899231947,3.08354005003504,,34.6917587135201,,,,,,,,,,
1995-04-01,5.99052206251956,27.6328648437915,7.58439340786422,,,12.0,31.4107066666667,3.64390522916576,18.1610483931567,9.10054161320103,4.66898784502347,12.7217808751666,,1.93258301256912,12.6206260724001,30.2198911624379,,,,7.02720225176609,38.4640740113006,8.47505244022362,,-6.00935936743584,-15.4883873368543,3.20733104246849,10.1466992665164,37.0059166185694,2.13481279362827,13.2709750598307,35.432362816871,,,,,,,,,,
1995-07-01,0.350200428158428,21.4052565195732,7.61095398605178,,,12.0,32.0770233333333,2.88040007643338,16.3462142275539,9.36267362078352,3.05793875792737,13.1108051432469,,5.20328468043943,14.7777715343589,31.7923181297385,,,,8.66876222954945,32.0068414188816,9.20973458509623,,2.34522542320503,-22.1989944409428,4.88346281908496,10.7854630715062,38.8130867974988,4.18917604619911,13.7792069304326,36.9166868725977,,,,,,,,,,
1995-10-01,9.20316368258218,21.3715196072204,8.31140253919414,,,12.0,34.7535933333333,3.83608337704194,14.7860360137803,9.72183358719709,3.06490208053318,13.5126384828569,,2.60204308021902,13.9626353035104,32.6195679436746,,,,-0.983905913129745,19.948970837514,9.11911946192991,,-3.68924930235146,-21.5420418006432,1.26984126985335,10.1265822785858,39.3059513917575,2.05398214602374,11.947830298079,37.6749490298644,,,,,,,,,,
1996-01-01,-1.21453912867511,14.7396514317589,8.21045730321392,,,12.0,35.6074933333333,3.74732817872613,14.8747317396876,10.086142596699,1.97724674303688,13.7798166871575,,3.51398070715457,13.8930827190594,33.7658132679725,,,,7.93195262638811,24.2953031505032,9.84244369759393,,-0.491487340896707,-7.80928153091168,-0.731452455621351,8.82016036661659,39.0184470450971,3.28784670513764,12.1697055532661,38.9136436002051,,,,,,,,,,
1996-04-01,4.18885937286184,12.789268086284,8.55438181351442,,,12.0,34.7389933333333,4.16286865436074,15.443002107194,10.5060154652911,3.12351009994987,14.2102306531355,,2.20376585094944,14.1960854344898,34.5099327300674,-2.0347348084389,,,-4.5137307781736,10.8923201759357,9.39818228709122,,15.7161096353042,13.5001444178948,3.68421052632727,9.32297447279388,40.455968778342,1.44053372458817,11.4072125636977,39.474207759732,,,,,,,,,,
1996-07-01,-5.54055265127872,6.16831740086509,8.08042178514524,,,12.0,35.6471566666667,3.62420708542384,16.280754085126,10.8867752221799,2.92439451773089,14.6257938593127,,-0.590750738405139,7.90677454737584,34.3060650476414,-1.11527725094005,,,-5.85745127305464,-3.93112573092073,8.84768833907201,,-6.50518125955408,3.68510485452988,4.16243654819309,8.57142857138814,42.1399228086973,-0.498610270825854,6.39466494126116,39.2773853055149,,,,,,,,,,
1996-10-01,0.551428471568885,-2.2429789295324,8.12497953149139,,,12.0,35.73905,3.34482554303429,15.7258819792842,11.2509188606241,2.76872948722514,15.0307425266362,,0.197451435721844,5.37786069077366,34.3738028656177,-1.19359814336152,,,5.99244223402989,2.83757100658948,9.3778809518379,,-13.1785992658571,-6.53082886875939,1.85185185189263,9.1954022988406,42.9202917496163,0.510246817278789,4.78526960355844,39.4777969139466,,,,,,,,,,
1997-01-01,2.61629896118221,1.54797691118118,8.33755328657006,,,12.0,35.87807,4.81417898879635,16.9192683214128,11.7925582324588,3.35639048621387,15.5352329388076,,2.28849559314695,4.1303094060071,35.1604458293943,-0.30220685756086,,,16.5614185744873,11.0597266851632,10.9309910696889,,16.4788029925187,9.40950557031366,0.574162679431288,10.6315789473988,43.1667240467456,2.11115728830776,3.59152104827909,40.3112353007587,,,,,,,,,,
1997-04-01,5.7059677530603,3.02663103688591,8.81329138849597,,,10.0,35.8141266666667,3.96254301497975,16.6911855200184,12.2598434249865,2.61545990131056,15.9415507268973,,2.77174319482708,4.70899313709225,36.1350030939414,-1.0719363570305,,,-7.22968334085117,7.90081230135674,10.1407150293337,,7.50860854483376,1.64931868616863,0.951474785927155,7.71573604063639,43.5774445419612,2.64262576541208,4.81910274936783,41.3765103911725,,,,,,,,,,
1997-07-01,0.631935781471666,9.75894533883941,8.86898573030524,,,10.0,36.0257766666667,3.57500729924802,16.639281410732,12.6981337223062,3.37164799921112,16.4790437030239,,1.76288318339351,7.18810488972524,36.7720209868033,0.101553877276893,,,-3.72254979348673,10.3477144401217,9.76322186295112,,9.21987881793687,18.7458986326308,1.60226201695837,5.06822612090782,44.2756693838181,1.80983789384022,7.25092270708222,42.1253581553806,,,,,,,,,,
1997-10-01,-2.11137412435737,6.85230931171396,8.68172826050263,,,9.0,37.53517,4.00685500725533,17.3828536846746,13.2069295291864,2.42777047191972,16.8791170601007,,1.61484660712234,8.70438998605556,37.365832720079,-1.60261710569434,,,7.0459554951692,11.4445169861221,10.4511341303093,,-10.8847293527305,21.8832316159429,2.31910946192426,5.55023923441417,45.3024706218285,1.35466142670817,8.15196761420777,42.6960141331742,,,,,,,,,,
1998-01-01,-0.448531292697422,3.66096258034017,8.64278799250732,,,10.5,39.2581933333333,4.48281814433876,17.0111115389577,13.7989721624308,2.30341340258678,17.2679129047014,,-0.300135190855277,5.95339116998793,37.2536847067299,-2.89678204401592,,,6.07997366293872,1.42319449562987,11.0865603329105,,-3.76006656012971,0.705311153549921,3.89845874888411,9.03901046619821,47.0685687512459,0.468666627167136,6.41230858469778,42.896116102547,,,,,,,,,,
1998-04-01,-7.51513304637444,-9.30436061165561,7.99327097595432,,,9.0,40.7579766666667,4.95741294965386,18.1344901514967,14.4830441953302,3.07988661915152,17.79974504366,,1.48725428735082,4.62913655060931,37.8077417297269,-1.77381170059533,,,-4.40282952011574,4.51371477405655,10.5984379818077,,5.96016485431034,-0.745144821730253,2.18150087256104,10.3675777567562,48.0953699892563,1.19628301342826,4.91284702966022,43.4092750529022,,,,,,,,,,
1998-07-01,6.06156825569601,-4.41084460136174,8.47778855202453,,,9.0,42.5958833333333,5.08506534312884,19.8472995771389,15.219516456337,3.10493629612013,18.3524157881374,,1.21464617654822,4.06545790023205,38.2669720190862,-0.944818429705125,,,3.40626842674722,12.2523833049274,10.9594492285104,,-17.5396712320638,-25.0632020618037,6.23398804444944,15.3988868274321,51.0936296043202,0.660844251992598,3.72883380776602,43.696142751921,,,,,,,,,,
1998-10-01,-1.67956284384645,-3.98917686186277,8.33539876552485,,,9.0,42.4254066666667,4.86293849280571,20.8489692546117,15.9596321805111,3.2284556393901,18.9449153906139,,0.823478724302882,3.25500486267985,38.5820923920984,-1.05954062784725,,,-5.74018453893168,-1.15564024401595,10.3303566183433,,-6.68636135659719,-21.5328053978952,4.5016077170481,17.8603807797209,53.3936643775083,0.723089353867622,3.08246753650501,44.0121049082109,,,,,,,,,,
1999-01-01,0.839954326721023,-2.74651749652743,8.40541230810533,,,8.0,42.4695966666667,3.95394663102427,20.2349285907712,16.5906675194363,4.02787514882551,19.7079929295984,,1.85039294106383,5.48221743858165,39.2960127062365,-0.356799009154395,,,1.96278654498849,-4.99199795242247,10.5331194680975,,17.5980033687835,-4.11895472763791,-3.92307692309675,8.98778359509966,51.2989898519185,1.9249291901898,4.5766163434607,44.859306762806,,,,,,,,,,
1999-04-01,0.495970921928662,5.67764729148628,8.44710070902175,,,8.0,42.8780733333333,3.74481178064496,18.8450024654671,17.2119567911918,3.49449915503092,20.3966885759968,,2.54429474676745,6.58086743521932,40.2958190932103,-1.08493822707364,,,1.88524878088013,1.25732672002747,10.7316949744585,,11.0383475323984,0.476182170540296,0.400320256227339,7.0879590094452,51.5043500995358,2.30128855869989,5.71853319578159,45.8916488568506,,,,,,,,,,
1999-07-01,12.4719199963379,12.0647948832394,9.50061635146103,,,8.0,43.4284866666667,3.93419606703574,17.5524961064474,17.8891089183307,3.12557332746265,21.0342020338138,,1.37216650761125,6.74673921521938,40.848744826775,-0.684903136235373,,,20.312980291603,17.8126910427793,12.9116220595752,,22.1303374077962,48.8132561837032,1.99362041467373,2.81350482315971,52.5311513375651,1.65792989468031,6.76571725626528,46.65250022241,,,,,,,,,,
1999-10-01,-1.88366500469251,11.8321609827807,9.32165656601847,,,8.0,43.4455566666667,4.11451445938938,16.6985025984438,18.6251588914314,3.84882022470386,21.8437706557963,,1.3280552566954,7.28095902392789,41.391238729741,-0.77461390367233,,,-1.00423916796285,23.7320159009516,12.7819584936336,,2.21868909042979,63.0147123991919,2.11102423765175,0.461538461507401,53.6400966746187,0.553208294440731,6.5856446108141,46.9105857232044,,,,,,,,,,
2000-01-01,1.52036868763071,12.5867449059121,9.46338011361668,,,8.0,43.5844433333333,3.83664948791478,16.5789529456731,19.3397409546628,3.78007485702434,22.6694815381821,,1.16944364920042,6.56370216346548,41.8752859423914,-1.91409858999864,,,3.67198204603879,25.8061275654114,13.251309714652,,14.6319984225452,58.9032272596919,-0.84226646247152,3.68294635708477,53.188304129891,1.34019925918015,5.97417676761742,47.5392810455438,,,,,,,,,,
2000-04-01,12.7250992527782,26.2871722879872,10.6676046257421,,,7.0,44.1001333333333,3.05219279315541,15.7899993747764,19.9300271342959,1.07598637129927,22.9134020699771,24.2151000582226,2.6579069794069,6.68176763118374,42.9882920901008,-1.71499063860018,,,-3.25559484157398,19.458303554585,12.8199007591408,,-15.0363963336245,21.5885423570554,1.93050193053865,5.26315789475039,54.2151053679394,2.62157749056211,6.30596492356428,48.7855601366089,,,,,,,,,,
2000-07-01,4.19584836959708,16.9945267687502,11.1152011405063,,,8.0,45.4529733333333,3.35432938218071,15.1505557233477,20.5985458903382,2.46501190264861,23.4782201583038,29.5110480032691,0.476315058024861,5.73899389486768,43.1930517985136,-1.04602601873095,,,-1.11057085149807,-1.81305943107917,12.6775266781188,,-3.3169149161188,-3.74582077276841,0.909090909064554,4.14386239247964,54.7079699621791,0.470508286385165,5.06425166054897,49.015100239611,,,,,,,,,,
2000-10-01,1.26753512761013,20.752037363189,11.2560902194668,,,8.0,46.62887,4.80626377104651,15.9031715375002,21.5885663388279,3.64558305972638,24.3341381751202,28.5319293234704,1.28498882418594,5.69405272598158,43.7480776869494,0.746647628219545,,,0.218575709936121,-0.600235258266683,12.7052366720578,,-11.6457575155717,-16.8012702250682,0.975975976002748,2.98621745793388,55.2419066059687,1.21578748641832,5.75655564718194,49.6110196947796,,,,,,,,,,
2001-01-01,-2.44960421551753,16.0300064788566,10.9803605589483,,,7.0,46.5597966666667,4.28965850576615,16.4160607872604,22.5146421110544,2.04179290710976,24.8309908823861,26.0580087202273,0.382784558172554,4.87221181784361,43.9155385728324,-0.529485473699601,,,-5.78186896098615,-9.66450264715841,11.9706365364963,,3.83152091241901,-24.6401461250846,-0.89219330859291,2.93436293435605,54.7490420116911,0.131158662332439,4.49482565163286,49.6760888445808,,,,,,,,,,
2001-04-01,-3.03656011958658,-0.193757804481932,10.6469353092284,,,7.0,46.9028433333333,3.89512237569339,17.3655902380178,23.3916149737294,3.19702000692125,25.6248426288128,23.7809447415971,0.744820072624545,2.91786011501503,44.242630319124,1.46390563146033,,,6.68036595421874,-0.386757244760883,12.7703188641836,,-14.3337226479362,-24.0168982402238,1.72543135787381,2.72727272726353,55.6936991506964,0.632961158863754,2.46990923590226,49.9905191922096,,,,,,,,,,
2001-07-01,1.95599831428876,-2.33924652212047,10.8551891844004,,,7.0,47.3047133333333,3.60493482100304,17.6538467014304,24.2348674471123,3.26299117859127,26.4609789833188,23.5633046462229,-0.207030503800343,2.21790945598132,44.1510345786798,-0.380056716266733,,,2.78506128159904,3.53738866952657,13.1259800704067,23.9953899947519,-9.06803807540405,-28.5366979121711,2.80235988199856,4.65465465466515,57.2544370324964,0.284374710210281,2.28007153146836,50.1326795862951,,,,,,,,,,
2001-10-01,-0.923241570710252,-4.45199571454568,10.7549695652707,,,6.5,47.9783033333333,2.93533400279831,15.5690985592352,24.9462417518205,1.68732637872798,26.907462061774,12.0624073790721,1.7226065832499,2.65955804568475,44.9115832069051,0.593621658490739,,,-6.99208959333928,-3.91206319887667,12.20819978388,22.0094460038325,-1.63191230156157,-20.4372289396915,1.0760401721602,4.75836431224394,57.8705177753103,1.55133476280741,2.61914708760006,50.9104052722441,,,,,,,,,,
2002-01-01,5.94899957954994,3.77421213371187,11.3947826594894,,,6.5,48.5888833333333,3.02943328825061,14.1568532225624,25.7019715036176,2.39782534617583,27.5526560071039,19.7771900359738,1.27280020932992,3.56976006691488,45.4832179319759,0.949518358878012,,,3.97128882498902,6.03465086364391,12.6930226576296,26.0854819874426,11.0405011689055,-14.9132181124889,-0.567778566364586,5.10127531884544,57.5419413791379,0.790784809380382,3.29516316002971,51.312997023531,,,,,,,,,,
2002-04-01,6.77823246465236,14.2784018462608,12.1671475169915,,,6.5,48.9602033333333,5.11365368966064,15.4820300297386,27.0162813177279,3.46615135495924,28.5076727666214,22.16304166085,1.50873541133133,4.35509601058188,46.1694393471287,1.38370019467971,,,6.86518886009764,6.21835507314094,13.5644226351309,24.0623547111288,-4.37746251995604,-5.02430779550099,1.14204139901179,4.49852507373812,58.1990941714827,1.79689077479506,4.48988403676727,52.2350355333177,,,,,,,,,,
2002-07-01,7.4269036210575,20.4105208529572,13.0707898365103,,,6.5,48.59821,4.4518563659208,16.4388809997213,28.2190073574063,3.3025251476431,29.4491458287468,24.8381940817604,1.87816845377623,6.5356217381719,47.0365791922318,2.03358600780693,,,8.13502000992733,11.7470166193491,14.6678911307299,28.0090767858325,-6.44549146709882,-2.285136945224,2.32886379672724,4.01721664272703,59.5544718056656,1.98187967749378,6.25857529795166,53.2702710870842,,,,,,,,,,
2002-10-01,-3.05946290557953,17.8143163780966,12.670893869996,,,6.25,48.29398,2.9890472327473,16.5024843641883,29.0624868159316,2.79756300564806,30.2730042379312,25.1543627191642,1.14654655079523,5.93230536851278,47.5758754685724,1.26299759594949,,,5.43956568048585,26.6833847456313,15.4657607027281,26.7569922477433,-0.296184776530186,-0.958279473041909,0.689655172420588,3.61958836052523,59.9651923008811,0.962809611298021,5.64277005745469,53.7831623770752,,,,,,,,,,
2003-01-01,4.99906870888322,16.7580019572131,13.3043205605868,,,6.25,47.77156,2.33327237522566,15.7164755365617,29.7405937923613,2.75419962777271,31.1067832079679,22.9205102266939,2.34036736478812,7.04899069448023,48.6893257315511,-0.177876018534366,,,6.35583436294685,29.5888243457604,16.4487388359632,27.2831129793017,4.58391110796532,-6.71718529246056,-0.410958904113606,3.7830121341772,59.7187600037518,1.67157419758272,6.56595992032642,54.6821878420144,,,,,,,,,,
2003-04-01,-0.632288770743667,8.65487426035072,13.2201988356585,,,6.0,47.0593866666667,2.65800169050166,13.0357697686936,30.5310992781275,3.54792497824825,32.210428539333,21.2142271330012,0.688917802867899,6.18442817989514,49.0247551646121,0.13151624771217,,,3.73434829850808,25.7922470700532,17.06299203481,32.8890567225082,-3.10151763740773,-5.47246063661646,2.06327372766818,4.72829922370866,60.9509214893984,1.16541332470478,5.90489846624149,55.3194613453653,,,,,,,,,,
2003-07-01,7.89098022189078,9.12425560721128,14.2634021110749,,,6.0,46.00319,3.32050456005079,11.7877306753902,31.5448858218914,3.78734541832766,33.4303487288411,26.0860227479182,2.88704124501188,7.23594473216039,50.4401200664805,2.9048689412046,,,0.806703064334842,17.2672987624374,17.200639714422,34.5051161577674,26.5179045752492,27.8337772540784,1.0107816711532,3.379310344845,61.5670022322122,2.60149151745304,6.54834541198207,56.7585924397657,,,,,,,,,,
2003-10-01,16.5956765048787,31.2496999394736,16.630510184019,,,6.0,45.499,3.44708569077253,12.2815700604484,32.6322650672283,4.84761349522105,35.0509228253199,29.1402587595143,1.79877312427842,7.92743777044979,51.3474233900902,2.93886225013882,,,18.3355126519295,31.6098546764808,20.3544651854727,36.8699165134786,26.3999578431766,62.0618430662218,0.667111407580766,3.35616438354713,61.9777227274088,1.61680370320958,7.23852022655647,57.6762674642215,,,,,,,,,,
2004-01-01,9.03706579524892,36.2972295267254,18.1334203314343,,,6.0,45.248,4.17305476570415,14.2981100807313,33.9940273597735,4.49941071184143,36.6280078015216,29.2431634836163,1.32078747086842,6.85219592418219,52.0256137248402,2.53565953518607,,,8.745991021619,34.5675501558692,22.1346648830927,38.7815657937953,15.0783803403617,78.3239335520918,0.198807157044336,3.98899587342831,62.100938875964,1.29413878699152,6.84041864081487,58.4226784123649,,,,,,,,,,
2004-04-01,-1.41316863440745,35.2261395248129,17.8771645229652,,,6.0,44.8962333333333,3.87175668307993,15.6593798069678,35.3101933859235,4.17186354442144,38.1560783060411,26.3672448440104,5.27486180036222,11.7188505393104,54.7698929496158,2.73181352158992,,,4.97418026959303,36.175900270276,23.235683016448,40.3762079896974,-8.87893433926676,67.6916548318754,0.793650793658804,2.69541778972121,62.5938034702226,4.75001691686841,10.6261052293617,61.1977655202399,,,,,,,,,,
2004-07-01,3.06392808287615,29.1761099050848,18.4249079872063,,,6.0,46.1592,2.14657274994599,14.3397237593247,36.068152375099,3.06428147287941,39.3252879443505,29.4083170918769,4.02071412831951,12.9498377450665,56.9720337735065,-1.73402902470911,,,3.29749197863328,39.5406112714021,24.0018778000961,42.9615074256477,-1.92975049365491,29.986048098928,2.49343832026516,4.20280186793732,64.1545413520606,4.12637219418523,12.2702490689052,63.7230131001297,,,,,,,,,,
2004-10-01,13.0914257760792,25.2937577386266,20.8369911406624,,,6.0,44.9624333333333,2.56180360209669,13.3625049957499,36.992147601854,4.74921575034217,41.192930713271,29.5373018112394,2.9194310605874,14.1932528490903,58.6352930233386,-2.75280410148651,,,15.216662181004,35.8628792751149,27.6541624620341,46.218007707593,16.1686711324749,19.4644897915968,0.640204865563004,4.17495029826749,64.5652618472762,1.74879822841005,12.4160818217565,64.8374000243143,,,,,,,,,,
2005-01-01,5.45768016905729,21.1807098293649,21.9742074739745,,,6.0,43.7082666666667,4.1860232685477,13.3834460706341,38.5406475080031,2.14648927158673,42.0771325516835,26.8161170750188,2.12168916712594,15.095906412993,59.8793516835273,-0.183824530088533,,,15.3265761224004,44.0843983463729,31.89259872279,41.7910831607062,8.33785706055958,12.4670575009416,0.254452926211059,4.23280423287738,64.7295500453624,1.7358107954342,12.9062487478398,65.9628546134152,,,,,,,,,,
2005-04-01,9.2189422959273,34.2494608144197,23.9999969809876,,,6.0,43.6045666666667,3.66318301195876,13.1437582406421,39.9524619602152,4.6487726332757,44.0332027746133,28.6690696823717,2.19846186432914,11.7325105075387,61.1957763948972,-1.7680872961351,,,12.5666391499854,54.505578744652,35.9004265198359,43.4746245279901,1.23579942724764,24.9512655803419,0.571065989779876,4.00262467191058,65.099198491009,-1.82425243625801,5.82008195983364,64.7595256311047,,,,,,,,,,
2005-07-01,2.39833235316335,33.3824662267258,24.5755966733408,,,6.0,43.6918666666667,3.79810481851616,14.9713909821979,41.469898343042,5.62863557562249,46.5116712910712,29.7242097869691,1.94433429081675,9.50219384459765,62.3856268598747,-1.35425775022088,,,1.99717644322261,52.5606524884478,36.6174213813065,45.9926455583341,17.8533315084074,50.1568824282672,2.20820189281032,3.71318822023603,66.5367202242918,1.02150916471293,2.66471552067556,65.421050120451,,,,,,,,,,
2005-10-01,4.81458605994933,23.6205829864649,25.7588099249248,,,6.0,45.3952,4.72122442135121,17.397372446488,43.4277853111232,4.87817746808702,48.7805931600229,30.188745684318,3.86324681290765,10.5063763823277,64.7957376012513,-1.8367619693288,,,-2.88905404925902,28.5865168940649,35.5595242861556,46.4620978506004,10.9428266672609,43.4020792158184,1.91358024688886,5.02544529259472,67.8099537594316,2.8780289164406,3.80411126158272,67.3038868603567,,,,,,,,,,
2006-01-01,10.2954192935451,29.2915225514819,28.4107874117232,,,6.0,44.4023,3.31560280195764,16.4129202687368,44.8676781777269,5.5785946842457,51.5018647369914,28.1459631602693,5.55027647871804,14.2164673826285,68.3920801845454,-0.431853402864701,,,11.9986363080312,24.8759394751303,39.8261822781174,47.250933626063,17.7537205967788,55.8654456266148,-0.242277407634091,4.50507614210099,67.6456655613453,4.54811349744664,6.67358839356279,70.3649440229588,,,,,,,,,,
2006-04-01,4.08705726612069,23.2164845121546,29.5719525629961,,,6.0,45.4708333333333,5.99162934484396,19.0364582285934,47.5559831497738,5.85764131420696,54.5186592434124,30.6968231734921,0.196106953855795,11.9786459893464,68.5262018096739,-1.2093205754938,,,4.9217843095866,16.3951103631072,41.7863410685892,53.6733340435119,8.97660644144591,67.783406877513,1.96078431372549,5.94915568755165,68.9720511605874,1.18567938664154,9.94405219278374,71.1992466596609,,,,,,,,,,
2006-07-01,9.4857034209493,31.7447576523251,32.3770602789057,,,6.0,46.3704333333333,4.52373819790934,19.8599898349593,49.7072913249114,2.354239035513,55.8021588009592,31.3277289306312,4.46860663315096,14.7513807466953,71.5883682091874,-1.53312638732086,,,12.8264419098466,28.7530362694262,47.1460418320021,54.3229175729437,2.03874485151378,45.2687677604679,2.47252747252748,6.22315592901001,70.6774040738986,3.62853141137114,12.7813349885397,73.7827336893663,,,,,,,,,,
2006-10-01,-2.51729599289184,22.5290839517724,31.5620338378886,,,6.0,44.9844666666667,4.27450089029407,19.34971443262,51.8320299351358,4.4316939178859,58.2751396785903,32.2443604277832,5.57306053178817,16.6404367032706,75.5780313032049,-1.03078431423922,,,4.95313669053432,39.150482807168,49.4812497281177,56.4581196880543,16.9966151615041,53.1956109936836,2.14477211796247,6.46412411118043,72.1932733301753,4.52608984995025,14.5880425448697,77.1222065098965,,,,,,,,,,
2007-01-01,4.53710014981421,16.1320678807288,32.9940349224319,,,6.0,44.1722666666667,5.09172879787094,21.3979077248076,54.4711763298642,4.41371639578087,60.8472390732485,31.3772777955601,5.2042427341292,16.2580452171522,79.5112955058998,-0.520470095279762,,,-3.72961808321548,19.6092253025979,47.6357880904568,57.0442066163802,3.43360538903782,34.5653818371721,0.262467191601039,7.00280112044817,72.3827569872098,4.11784735129764,14.1164572258124,80.2979812479266,,,,,,,,,,
2007-04-01,10.153510693635,22.9005345829639,36.3440877865427,,,6.0,41.2344,5.18396751480859,20.4780198464873,57.2949444157385,1.56326229485665,61.7984410191418,29.7280155453791,5.78593907844804,22.743955455126,84.1117706243559,-0.871667144501443,,,22.9156019531245,40.1219015093744,58.5518156764998,58.2902558954133,2.17619869371034,26.1681716917618,1.30890052356023,6.31868131868134,73.3301752723828,5.06756256953023,18.4944162302977,84.3671316897349,,,,,,,,,,
2007-07-01,4.44793380861548,17.2455078615192,37.9606487546332,,,6.0,40.5250333333333,5.54533800219151,21.6610930942462,60.472142741759,4.14512150552796,64.3600614879073,30.362593928159,0.655687129584441,18.2640180195363,84.6632806788054,-0.481939693819512,,,0.632375473880821,24.9777939117559,58.9220829983499,61.4619362640104,9.95814310363257,35.9602952603411,2.8423772609819,6.7024128686327,75.4144954997632,1.27517950594643,15.80346754638,85.4429640627973,,,,,,,,,,
2007-10-01,13.3740106307383,36.3584811283951,43.0375099545751,,,6.0,39.4624333333333,5.46688038266599,23.0440277879028,63.7780824502859,5.11616864528342,67.6528307738367,27.5216651218153,4.35898789405819,16.9040014813941,88.3537428343071,-0.754954609667956,,,7.92090913455382,28.511805991636,63.5892476528355,63.2679410093763,24.7736076021326,44.9978403808191,1.00502512562816,5.51181102362206,76.1724301279015,3.15685442952746,14.28650455848,88.1402740585332,,,,,,,,,,
2008-01-01,6.21583004420709,38.5482210226163,45.7126484286102,,,6.0,39.8208,5.28539715372194,23.2847521891915,67.1490074048118,6.1822144900555,71.8352738808696,30.5140240743511,3.5378022456298,15.0522362267501,91.4795235323972,-2.95028395699358,,,10.088730353615,46.9579872374298,70.0045953824226,63.4062782138662,-8.10538969888433,28.8219625157813,0.995024875621891,6.28272251308903,76.9303647560398,2.72195395707718,12.7542814015465,90.5394117360482,,,,,,,,,,
2008-04-01,24.6040726780972,56.7237620754352,56.9598216710685,,,6.0,41.6558666666667,4.35558312563497,22.3024761230682,70.0737382403672,2.89242840850485,73.9130577499271,26.6482561358548,1.21136901914878,10.0769576624788,92.5876781393335,-0.195779806676445,,,24.7166119860326,49.1112762033946,87.3073595954881,68.0862738299877,-8.6789716441031,15.1359537951779,2.70935960591131,7.75193798449611,79.0146849834202,1.13217953012492,8.53098663962283,91.5644804224192,,,,,,,,,,
2008-07-01,-7.39164938116666,38.958508601798,52.7495513650053,,,6.0,43.7796333333333,4.06594933659914,20.5905612978684,72.9229009354816,2.46733344995297,75.7367393476741,22.2292944053958,-0.971539066943417,8.29742473939739,91.6881526750341,-2.78403274253401,,,8.2489678466975,60.3971054773594,94.5093156163205,67.3154049333353,-12.0742188503712,-7.93388838598754,4.07673860911272,9.04522613065328,82.2359071530081,0.0570122368738474,7.22554441528414,91.6166833808899,,,,,,,,,,
2008-10-01,-25.4941140352665,-8.68077491378786,39.3015205869194,,,6.0,48.7644333333333,4.80414923065054,19.8343495464879,76.4262259197416,1.27849171110407,76.7050272824946,13.4756528000894,-2.8499436238922,0.816433075227055,89.0750920140074,-4.25006592179405,,,-27.8159308847785,7.28334148134168,68.2206697048076,65.7690052825098,-30.3243530637823,-48.5887599879038,2.073732718894,10.1990049751244,83.9412600663193,-2.49467776848872,1.35110572612482,89.3311423483602,,,,,,,,,,
2009-01-01,-6.59573614444033,-19.6955388712984,36.7092959882533,,,6.0,49.7745333333333,5.4210215302423,19.9875549918932,80.5693080816024,3.13720698730296,79.1114227580137,2.20621563258087,-4.16431926971299,-6.68324724874465,85.3657207927535,-1.64184539722724,,,-23.6376947737811,-25.5836338417917,52.0948760273558,69.0977752559345,-7.25090438009165,-48.1107107348811,0.225733634311516,9.35960591133004,84.1307437233539,-3.48915820054242,-4.77711770337462,86.2142374694742,,,,,,,,,,
2009-04-01,5.67713332549156,-31.8935162957858,38.7933316643557,,,6.0,48.7891,5.07054333192919,20.8066260051806,84.6546097601156,5.23821433483337,83.2554486454146,9.54055844200794,4.28183518098078,-3.85228137572534,89.0209402581555,-0.779312803071698,,,18.0241759679311,-29.5769011482288,61.484548152802,76.5448815906333,40.9112657708977,-19.9331680562705,2.25225225225226,8.87290167865708,86.0255802936997,4.10293966915964,-1.97994330878398,89.7515556190727,,,,,,,,,,
2009-07-01,9.97690874568129,-19.1202467890152,42.663706963918,,,6.0,48.4174157894737,3.83572183893281,20.5478665951251,87.9017251143476,3.96468813372364,86.5562675385378,19.1904633735715,5.08434066406448,2.0274325460431,93.5470681232334,-2.29854310568159,,,5.02685441605993,-31.6730986192177,64.5752868768156,85.3801380472596,20.1449625688489,9.40621056883628,6.82819383259912,11.7511520737327,91.8995736617717,5.05904367325523,2.92025702704674,94.2921260152676,,,,,,,,,,
2009-10-01,10.3711344168173,19.813220092088,47.088417360343,,,6.0,46.6400175438596,3.42046643219329,18.9530718532318,90.9083741152027,3.11093088486827,89.2489731981833,22.9576409034754,0.9539497404632,6.02229871618315,94.4394601368059,-3.38578153009809,,,21.4381402565876,14.9490730417658,78.4190274485611,90.7736770754467,9.01825269253819,71.1828226129693,3.50515463917524,13.3182844243792,95.1207958313596,0.556977689949812,6.14138544293727,94.817312120552,,,,,,,,,,
2010-01-01,10.1063638510795,41.2376422775444,51.8473441504941,,,6.0,45.9280666666667,3.92923034221683,17.2692309999125,94.4803735345533,4.8432288307302,93.5715051992484,24.3193362092492,4.2619534027546,15.3442213188786,98.4644259216496,-4.33267083147558,,,3.98072592129292,56.5234054086501,81.5406740014318,90.3608527521316,0.207234802484776,84.9479737250172,1.99203187250997,15.3153153153153,97.0156324017054,3.66154317453602,14.0056350618211,98.2890889407805,,,,,,,,,,
2010-04-01,3.65720387508196,38.5380036313661,53.743507229893,,,6.0,45.6251818181818,3.47501731888495,15.4901420568033,97.7635828778262,4.1858720267647,97.4882886604064,26.1588765943905,-0.327731193695998,10.2456646701388,98.1417272832107,-3.30726653567163,,,8.11169406120968,43.3774934684283,88.1550040118763,98.3164184957021,2.20043167447972,34.1394717349907,0.781250000000001,13.6563876651982,97.7735670298437,-0.0137171085885193,9.49738513371879,98.2756065197199,,,,,,,,,,
2010-07-01,0.37446145803521,26.4417927778477,53.9447559506654,,,6.0,46.4875,3.83743150665798,15.4866365638368,101.515193409218,4.84369574962228,102.21032475463,28.9764904693938,2.55986113905472,7.59719277202248,100.654019221131,-3.8068718154318,,,-0.846296833048667,35.3597563902302,87.4089510047499,106.546321003008,6.79591982028965,19.2355298287003,3.68217054263566,10.3092783505155,101.373756513501,2.4835007443789,6.81303539902394,100.71628193918,,,,,,,,,,
2010-10-01,24.8724943296234,43.054632310397,67.3621623156238,,,6.0,44.8625,4.65512265748825,16.8620952939434,106.240850178403,4.42182004796002,106.729881385715,29.6921106319373,2.41535397762248,9.15476425711765,103.085170078025,-2.28972752790435,,,6.54334135671161,18.7574241549972,93.1284170453114,106.093733494277,8.91865574031117,19.1265985710915,2.42990654205608,9.16334661354583,103.83704405495,2.3882772120289,8.75826749700096,103.121665949536,,,,,,,,,,
2011-01-01,10.6993452481266,43.8250576768746,74.5694726283758,,,6.0,45.2736,3.9302544677323,16.8717747165852,110.416385939097,0.111400055968547,106.848778533314,27.4510673036353,3.86206337394812,8.7361081663908,107.066384675581,-2.20796879881705,,,8.82027103757463,24.2847169008331,101.342595841711,108.883150154677,-7.50173870595823,9.96215256731159,1.82481751824818,8.98437500000001,105.731880625296,2.74625757646387,7.79798007639331,105.953652513651,,,,,,,,,,
2011-04-01,0.791568235500751,39.848969226328,75.1597408870825,,,6.0,44.7082333333333,3.73815117323461,17.163965218926,114.543917365522,-0.135018553905909,106.704512857672,26.1700825071991,-1.24679203292862,7.73347122410849,105.731489521501,-3.73276650731806,,,18.6398306111877,36.3878152933762,120.232684043586,106.901470162623,0.445107050200172,8.07351794045428,0.716845878136191,8.91472868217054,106.489815253434,-0.79850178104049,6.95188199134785,105.107610711252,,,,,,,,,,
2011-07-01,2.85798195017141,43.3091898425344,77.3077927154309,-0.49280559479395,,6.0,45.7774666666667,3.58041448687291,16.8742788628835,118.645064376709,0.682884459444852,107.433181393504,22.3255972360123,-1.59464568616679,3.36939119772743,104.045446884926,-3.65089677331122,,,1.71229110690561,39.9072019448135,122.291417600058,104.777659785327,-6.83382790694852,-5.71928227141008,3.91459074733096,9.1588785046729,110.658455708195,-1.20329183436762,3.10434163661127,103.842859414265,-1.45867938776191,,-6.63420051401475,,25.9503435155138,,2.4636144275557,,-1.29866999918135,
2011-10-01,-2.91706981835662,11.4166586209538,75.0526704268914,11.4397672188686,,6.0,50.9225666666667,3.40640102154612,15.481241871818,122.686591061651,2.23539722911014,109.834739753519,22.126012162835,0.318510750380959,1.25301509376559,104.376842818537,-4.20584868693158,,,-1.48723481248683,29.3618649248714,120.472657064827,105.329884706881,-5.08804552276215,-17.8435766736569,1.71232876712329,8.39416058394161,112.553292278541,0.694713960085982,1.39893425144805,104.564270255168,1.96467254544959,,2.47012004349681,,-14.2998544131439,,2.70736888812385,,7.69537683325756,
2012-01-01,0.199982086098413,0.849261329316164,75.2027623228836,0.458456440534748,,9.5,50.2775333333333,2.97937142467517,14.428730523984,126.34188029765,3.72634509969501,113.927561196087,22.7666666666667,1.86105285040739,-0.697729404862136,106.319351026976,-5.55361127232386,8.26716666666667,8.85083333333333,4.77382361749663,24.5515848218107,126.223809220413,123.309470155467,4.30733175911183,-7.354828251297,0.673400673400684,7.16845878136201,113.311226906679,0.928629694229464,-0.39485887028317,105.535285118312,1.75272273389325,,4.00266390030657,,30.0909472310457,,2.30556935617846,,-1.30504639371918,
2012-04-01,-0.449983682699979,-0.393001253204483,74.864362163491,-5.50395227151905,5.26762465758128,9.0,54.1022,3.0893494381046,13.7031875812903,130.245022466716,2.09191415880396,116.310827979528,19.2,-2.83552992028611,-2.29530059108351,103.304634017552,-4.03668048123913,8.45216666666667,8.423,-9.06402082336622,-4.53273352275967,114.782856868629,114.055751802917,-2.29268105736903,-9.88001695272912,3.51170568561871,10.1423487544484,117.290383704406,-1.19291701124374,-0.790878944308584,104.276336749271,1.45869304588662,3.72976875590583,-0.0261071370446721,-0.524499693716087,-20.1841164897848,12.0772115589589,0.656339595999904,8.37065173345606,-0.124400418924151,4.77903921351957
2012-07-01,-2.64901156883691,-5.72593785322649,72.8811965488442,9.98851993779026,16.355709782211,9.0,55.2200333333333,3.85086896925998,14.0081511079053,135.260587620893,2.42546248877192,119.131903482551,18.5666666666667,-0.0738242541669438,-0.785307543405469,103.228370141969,-4.33318740853438,8.155888889,8.19183333333333,5.6674509451371,-0.820416219439302,121.288118975085,97.0142931312966,4.92726572904734,1.49653244585204,3.55411954765751,9.76027397260274,121.459024159166,-1.05538106163679,-0.642350738969068,103.175824039451,1.23019022270095,6.56021410791846,2.31539669278403,9.01074409562953,25.0546208607168,11.2801506325829,-0.1326209239648,5.62474316220768,20.1958382122914,27.597109838774
2012-10-01,2.95929958836346,-0.0195874823630771,75.0379694983085,-1.2586481683174,3.09712918428593,9.0,54.1491666666667,2.39177278306887,12.8913921847889,138.495713541828,0.82117491357345,120.110184788013,19.7,0.558811110702352,-0.547651240813225,103.805221743719,-6.3772843804879,8.163,8.14583333333334,5.02923264302161,5.74016025739294,127.387980646687,107.815871070673,7.16407360495457,14.5986502288651,2.02808112324495,10.1010101010101,123.922311700616,0.999987194465535,-0.341131044732815,104.207569067629,1.28894636211958,5.85403298678675,2.01141029979139,8.52275510465326,-33.7260904592664,-13.9444794848271,0.0183487574148706,2.85934216188097,-19.2985237143562,-4.38517012932173
2013-01-01,3.03276992840412,2.80699283384204,77.3136984721382,-2.18976963691383,0.379343985410965,8.65,54.1650333333333,2.88895555288996,12.7846692389291,142.49679314871,2.76107317478794,123.426514880383,15.1333333333333,0.850332579736613,-1.53447105117147,104.687911363674,-4.32877461562127,7.87333333333333,8.03733333333333,-0.0249680265999032,0.897109006909906,127.356174381794,104.318473365462,2.97271409335813,13.1323546148599,2.14067278287461,11.7056856187291,126.5750828991,0.234891334625611,-1.02614163566681,104.452343617393,1.59555704655823,5.69053247884398,0.85690674370546,5.24027924565243,42.182646055028,-5.9457873516809,2.57687976773527,3.1321211574921,3.75246095401945,0.514499883725017
2013-04-01,-1.63001145376614,1.58835811039749,76.0534763317122,-8.68865082638052,-3.00363296878742,8.25,55.9279333333333,3.74082875887022,13.4996381541477,147.827354167284,2.90918772118791,127.017223895973,14.1666666666667,0.95079792211444,2.30255675816853,105.683281849625,-4.87496802739614,7.57816666666667,7.527,-6.2917952942546,3.97300420191525,119.343184595098,103.601711435664,-0.920433227572759,14.7212389459419,2.5449101796407,10.6623586429725,129.796305068688,0.841560308167864,1.01176965536691,105.331373082228,1.4782780721035,5.71093439599204,2.54452635670573,7.94632758460597,0.941395220697712,18.9482974261688,-0.625016821188089,1.81924801116309,2.73376704736362,3.39095093546202
2013-07-01,4.88871289136649,9.45417502854932,79.7715124334729,4.13608613989102,-8.16476084838776,9.875,62.2454483333333,3.11795379186756,12.6984872927925,152.436542761961,2.24713988846904,129.871478599365,15.3,2.44680032401017,4.88312523334859,108.269140732346,-0.787357949622568,8.2185,10.1725555556667,-7.23745613091811,-8.72496424194038,110.705773964787,103.520842195271,0.154407592529719,9.50287940011665,3.64963503649636,10.7644305772231,134.533396494552,2.30477842662199,4.44212958676174,107.759027845492,1.64224003610115,6.14122273879179,0.799518406404816,6.34702289177256,2.68355605569343,-2.33040504682322,-0.464183301420226,1.48120537648453,14.571490800885,-1.44704209246336
2013-10-01,-0.495092943889167,5.78187261046618,79.3765693041811,-7.59793122009377,-14.0606652927793,8.75,62.0529666666667,3.4917648850649,13.9051225177014,157.75926843413,1.80432931899191,132.214787764742,18.3666666666667,-1.18793256828638,3.06126662135435,106.982976348183,-0.438017371182811,8.76983333333333,8.83966666666666,-2.57582829944666,-15.3340976422132,107.854183309881,100.099681869464,6.98745609564511,9.32240729625508,1.83098591549294,10.5504587155963,136.996684036002,-0.27361059588279,3.12512679145582,107.464187727287,2.16333021415229,7.05749420306398,2.69506958424662,7.05973855132935,-30.08733939374,3.03211762866452,1.24228807711824,2.72304588889315,-4.70425649129649,16.375534017974
2014-01-01,1.86529810015993,4.5832504992927,80.8571789433842,5.9376240001306,-6.91966583414905,9.0,61.7813333333333,3.20483784127272,14.261776743008,162.815197167022,2.73827845932605,135.835196818148,16.7,1.9178367186188,4.15217357091498,109.034735151259,-0.971819804390071,8.80466666666667,8.99033333333333,3.89589437500149,-12.0136350557083,112.056068370654,101.076314715234,2.01835888424702,8.30920287803264,-1.24481327800829,6.88622754491016,135.291331122691,1.59583635012425,4.52531414548764,109.179140298405,1.17213789772733,6.61131137392062,1.61350609042213,7.86286974841663,19.1250498591455,-13.6764823967491,0.114371507046367,0.257028696351383,2.46190202386509,14.9279588636368
2014-04-01,0.731100115413253,7.09349499912008,81.4483258719591,-1.02875333677392,0.888627707249329,9.0,59.7974411764706,2.54673576560865,12.9531612786909,166.961670025121,3.55354681271869,140.662164125229,18.9,1.56347470663904,4.78427970695472,110.7394656568,-1.58361302335446,8.79066666666667,8.7345,0.173730820941401,-5.94289512301162,112.250744298149,104.927860132205,12.9285134903529,23.4482313233639,2.52100840336137,6.86131386861317,138.702036949313,1.77800977331703,5.49597221768491,111.120356083334,2.25767476620576,7.43013196505935,2.49486937268428,7.81063736712918,19.676095041389,2.34514268805513,1.26257662312195,2.16137629027969,0.911222819286771,12.8890840701621
2014-07-01,-2.91273523315338,-0.871941153905037,79.075951787473,2.78443909150342,-0.420868557793632,9.0,60.6062333333333,2.77039367677911,12.5619923428034,171.587165574141,1.91824957223068,143.360415486852,18.1666666666667,1.38070898151364,3.69386387091091,112.268455405204,-1.80681477525722,8.56916666666666,8.59666666666666,8.18839981358039,9.69823857031095,121.442284035001,103.400836060873,10.1305732252431,35.7446447548907,3.55191256830598,6.76056338028168,143.628612032212,0.96671638135578,4.11617199208558,112.194574768612,1.85096547005321,7.65074301127369,1.31882728726512,8.36606682077231,10.426747983054,10.0628154402229,1.795857025667,4.48103204782429,-1.74332909080923,-3.18616345842115
2014-10-01,-2.20019921906153,-2.57058979531142,77.3361233137796,-0.150405424277138,7.60512220121543,9.0,61.93305,3.10324675840922,12.1462113466582,176.911938727667,2.56676899239658,147.040146178939,19.4333333333333,-1.10747910851912,3.77829212266078,111.025105716134,-1.08046712951115,8.18066666666667,8.35066666666667,-3.73973126579326,8.38770030197013,116.900668969051,108.473859695831,4.62848276766038,32.7516023172121,0.131926121372011,4.97925311203317,143.818095689247,-0.355415349702472,4.03076633497363,111.795818028351,1.51176759995229,6.96418356386756,-2.98793815124143,2.36923368652285,-18.0864669836596,28.9556710938108,-2.29504584290241,0.830538704765771,1.72108067501845,3.34153147569028
2015-01-01,-7.90563548694063,-11.9160323974069,71.2222113048612,-5.66716842845709,-4.18233404186945,8.5,62.2377925925926,2.48218865546053,11.3547003707684,181.303226800921,2.2617163344341,150.365777183244,17.6666666666667,0.991743542409585,2.83529361260817,112.126190032527,-0.722981995745578,7.783,8.30066666666667,-17.1196355543934,-13.5364091479449,96.8877004809014,106.44724911148,4.14648316676683,35.5208284792916,0.263504611330718,6.58263305322128,144.197063003316,0.164204520263562,2.5648228305894,111.979391815019,1.77296308419368,7.59940564052218,6.3268879395475,7.11767025299234,-14.2744729251764,-7.20009866207148,2.22800313480559,2.95929017613063,-5.40972106882946,-4.59766904206894
2015-04-01,-4.17902762682258,-16.2096768873028,68.2458154179971,-2.70474169691218,-5.8049193709993,8.25,63.471407930179,2.64257639931033,11.4583673158006,186.09430308355,2.94963485445392,154.801018556212,17.0,0.0521179451170998,1.30501103047484,112.18462789871,-1.20253720290367,7.83205555566667,7.827111111,1.95937271672371,-11.9951566756656,98.7860916499852,112.501148808332,-3.59024581059892,15.6973500970473,1.83968462549279,5.8743169398907,146.8498342018,0.296439112419948,1.07179862345123,112.311342530209,2.28490259355437,7.62805579364068,0.331428273987679,4.85665200261233,34.2164774807511,4.07488532969306,0.0751950504676854,1.75201333244832,-1.25034803698822,-6.64123657061494
2015-07-01,-2.81386508114339,-16.1243478587941,66.3254702486085,5.17323946320305,-3.61574321157583,8.25,64.9750394202899,2.67556456002307,11.3583381065703,191.073376305075,2.77311873359588,159.093834601591,17.0,1.29646858091124,1.22083352966653,113.639066352029,-1.32819476554633,7.77783333333333,7.449,4.20092670731273,-15.2387294300621,102.93602295722,109.252824492922,-1.9178703252568,3.03989312789398,2.32258064516128,4.61741424802111,150.260540028423,2.07514355782808,2.18137940793494,114.641964119435,2.09188673339326,7.88264235600628,2.71473063488951,6.30129714379755,14.9004109279558,8.29121847812367,2.52758630199134,2.48342745140922,0.342120410356303,-4.65974274610729
2015-10-01,-3.11188341890044,-16.9062319341984,64.2614989374343,-6.58664749282239,-9.8286117857859,7.75,65.9235379100529,2.23712538960518,10.4216985136244,195.347927319172,2.43118532662184,162.961700563985,16.6666666666667,1.36729360970221,3.75387197460338,115.192846044386,-1.07282496686321,7.71183333333333,7.1345,-8.61782897568048,-19.5341024358868,94.0651725443995,117.974707409084,-3.05327082540082,-4.52522727074087,1.89155107187893,6.45586297760212,153.102794883941,1.71765274849885,4.30722456674822,116.611114967065,1.82619796933686,8.21680636366954,0.947100177196695,10.6131287928935,-18.6473184180726,7.54976242097037,3.59651923884506,8.6631323378135,-2.61740478949753,-8.72608098725036
2016-01-01,-0.0194320660755749,-9.79076551627037,64.2490116004997,0.264279113067563,-4.1588269396326,7.75,67.5039483333334,2.7571506683278,10.7176103391526,200.733964002817,3.31097729545504,168.357325469946,16.3333333333333,1.09142470447245,3.85627942063987,116.450089223899,-0.478885487545599,7.65766666666667,6.19083333333333,-9.75270539660709,-12.3817853411973,84.8912733853341,107.714448320352,-6.79637252502392,-14.5569309674451,-0.495049504950488,5.65045992115638,152.344860255803,0.148593816315688,4.29096816846568,116.784391873043,2.37456158267692,8.85649559198824,3.75593919814607,7.93854017506197,-14.6507413561926,7.07770256035292,1.49057018042301,7.87927887051383,1.41322644373825,-2.14234779894354
2016-04-01,2.44416100442266,-3.55546272744978,65.8193608877661,1.66589120730636,0.146486514098688,7.0,66.8910422348485,2.34349800230171,10.3996603709859,205.438160439164,4.37518593710125,175.723271497987,15.6666666666667,2.70405801419841,6.60905102086107,119.598967194099,-0.181040610697166,7.40616666666667,6.805,-0.51295811502012,-14.50636896457,84.4558167095601,111.832862749301,6.2533200590087,-5.83307843618486,2.363184079602,6.19354838709678,155.94504973946,2.97507314917458,7.07628477127169,120.258812958085,1.57503443290971,8.10101987327764,0.649148917956539,8.28035034445204,35.7540991912445,8.3044148333685,6.96589965628643,15.3073357772286,4.37150473568728,3.42872311035027
2016-07-01,2.1512466833025,1.37176178897215,67.235297705835,4.57255684331982,-0.425486491567224,7.0,66.961665952381,2.39260633027238,10.0879523831535,210.353486870627,3.71178960840358,182.245749628996,15.0,0.180611738269687,5.43467208410544,119.814976967701,-0.295047727533011,7.1195,6.566,8.02759577170186,-11.3667055908985,91.235588280693,119.64208147124,8.10048944399669,3.78537195552096,1.45808019441069,5.29634300126104,158.218853623875,-0.468207395557068,4.40832309651127,119.695752302006,1.48882680385927,7.46246380860647,1.74087260921468,7.25372361278433,14.8014441808315,8.21112939123048,-1.4282565038828,10.8584092867978,-0.593559857458132,2.46426058012045
2016-10-01,2.41229496127661,7.1515799400078,68.8572114045922,3.25800213634967,10.068475786582,6.75,67.4245947089947,2.00977265350316,9.85421594571072,214.581113725443,-9.79631137847297,164.392388521307,17.6666666666667,-0.731763147627488,3.25139034683117,118.938215120913,-1.20906478488588,6.64033333333333,6.20383333333333,11.1171159051235,7.77459035513652,101.378354376579,120.768659873062,-3.67256975604565,3.12238754732217,-0.598802395209583,2.72277227722774,157.271435338702,1.31608226249216,3.99613012984228,121.271046867009,1.38958193007806,7.00168027496972,2.23727763617368,8.62450431231571,-15.5615270347192,12.3156894888853,1.39352820110436,8.50099338217698,1.49806591415874,6.7944867532653
2017-01-01,3.06663099641686,10.4589879671267,70.9688079927937,-2.8581039559278,6.64077503147474,6.75,67.0108246031746,0.0484081370381455,6.94509295483771,214.684988445033,-8.70944974381866,150.074716060381,17.3333333333333,1.18430486288843,3.34625502521629,120.346806186423,-0.981469292768657,6.9635,6.10866666666667,5.95211366957435,26.529506487499,107.412509265417,119.677541726896,4.70896548322862,15.8521273342044,-0.843373493975896,2.363184079602,155.94504973946,0.340191458744012,4.19508862336933,121.68360061038,1.37500306955949,5.95694378200472,0.302241992437206,5.00874843449066,-6.92434211466561,22.4832746778805,-0.584994960813861,6.28205935457942,1.78966911984151,7.19090449675141
2017-04-01,-0.362367550634655,7.43288769110321,70.7116400615556,12.9396523327015,18.4662025141332,6.5,64.4583058201058,2.74430721130427,7.37070585029918,220.576604064518,16.7316305954047,175.184663168706,17.0,0.917620783199376,1.54864740161252,121.451133491906,-2.41438420316251,6.95466666666667,6.23933333333333,4.21596707791038,32.5438432246347,111.940985293604,118.102091009494,7.43332360314833,17.1387310918522,1.45808019441069,1.45808019441069,158.218853623875,0.661644842808991,1.85425156412898,122.488713878363,1.61244764466262,5.99597098585002,2.35498992208776,6.78847763039345,30.3595067161064,17.6160378441939,1.79016349172005,1.13941202478847,2.99657133048825,5.7788298533963
2017-07-01,11.0164557138109,16.7564646131306,78.5015565734463,-2.91710039042736,9.98145969634094,6.25,64.2884045238096,1.33368172769824,6.26432413606918,223.518393928504,5.68131084578338,185.137448437459,20.3333333333333,1.22162660794678,2.60387805060137,122.934812854296,-0.724539653581553,6.62466666666667,6.14733333333333,-2.69892994923544,19.3829935977901,108.919776516046,124.414365390793,4.6908254569998,13.4439863692271,2.39520958083833,2.39520958083833,162.008526764567,1.10182359029785,3.46091740237297,123.838323423327,1.86522759722707,6.38908783259385,1.61583082077536,6.65723222345748,1.33016492328877,3.81448245200653,3.76448778115216,6.46742069295416,0.34822022562455,6.78098217898881
2017-10-01,0.192138135286135,14.2253460400396,78.6523880004171,3.77480153093556,10.531909546336,6.25,64.7287396331738,2.91192013550343,7.20201268611954,230.027071047861,4.1109058869369,192.748274704199,22.0,3.4939142697692,6.97154795351844,127.230049823126,-1.90173457268356,7.14666666666666,6.122,8.77397924040216,16.8655536231779,118.476375096256,116.820640486741,3.84591264928585,22.298438453619,0.701754385964909,3.73493975903615,163.145428706774,3.63920862161321,5.83322374297532,128.34505836621,1.84509768069649,6.86706500025882,1.42440027755069,5.80921229166338,-13.1128651824228,6.825036219371,3.74332844685322,8.9348086589035,0.882847067203407,6.13374154300984
2018-01-01,-3.77847862265571,6.63913693082997,75.6805243336131,-2.56897969656834,10.8608866178631,6.25,64.3440219741273,2.20894411593047,9.52727434701296,235.10824049882,4.49469868249548,201.411728867862,,1.46781873104075,7.27127741634016,129.097556325943,-2.30263723250965,7.45933333333333,6.31566666666667,3.63082357506197,14.305162493453,122.77804325413,120.442706781469,3.48465925656785,20.868467877378,0.116144018583038,4.73876063183475,163.334912363809,0.793509762803316,6.31135854422313,129.363488934422,1.91737662122226,7.43882201969088,1.41918483219137,6.98747949388716,1.8103343357463,16.850021799696,4.03125713079932,13.993104819759,-0.570627737406521,3.67271441935342
2018-04-01,,,,,,,,2.51137883403148,9.26531408560898,241.012699087772,,,,,,,,,,,,,,1.93543478332876,14.683036989412,,,,,,,,,,,,,,,,
